Document Number,Document Type,Publication Date,Title,Abstract,Inventor Name,Assignee,Filing Date
JP2012519768A,JP,2012-08-30,バイオマスからの有機化合物を一部含有する航空燃料,"The invention relates to an aviation fuel containing between 1 and 100 wt.-% of a fraction of a compound obtained by means of chemical transformation from renewable, natural optionally-hydroxylated monounsaturated fatty acids having a chain length at least equal to 14 carbon atoms, selected from among nitriles and medium fatty acid esters containing between 7 and 12 carbon atoms per molecule and between 0 and 99 wt.-% of a kerosene originating from petrol that meets global aviation fuel specifications.","Deyubois, Jiyan-Liyusk",Arkema France,2010-03-08
JP2019518823A,JP,2019-07-04,バイオ再生可能ケロシン、ジェット燃料、ジェット燃料ブレンドストック、および製造方法,本技術は、他の驚くべき特徴の中でも、ディーゼル燃料、航空燃料、ジェット燃料ブレンドストック、ディーゼル燃料の曇り点を低減するブレンドストック、ポータブル加熱器用燃料、および／または木炭ライター流体としての使用に適し得る、少なくとも約９８重量パーセント（「重量％」）のｎ−パラフィンを含む組成物を提供する。組成物は、少なくとも約９８重量％のＣ７〜Ｃ１２ｎ−パラフィンを含み、組成物の少なくとも約１０重量％はｎ−デカンを含み、組成物の少なくとも約２０重量％はｎ−ドデカンを含み、組成物の少なくとも約７５重量％は偶数炭素数パラフィンを含む。組成物は、約０．１重量％未満の酸素化物および約０．１重量％未満の芳香族も含む。組成物は、パーム核油、ヤシ油、ババス油、微生物油、または藻類油のうちの少なくとも１つを含むバイオ再生可能フィードストックを水素化処理することを含むプロセスによって生成され得る。【選択図】なし,Aberramine; Slade David A.; Tom Linson H. Lynn; Ashby Eric; Green nate; Golden caroline,R Easy Synthetic Fuels Limited Liability Company,2017-05-10
JP2019529613A,JP,2019-10-17,合成由来の代替航空タービン燃料である、合成パラフィンケロシン（ＳＰＫ）の製造方法,本発明は、航空タービン燃料の製造方法を提供する。本方法は、高温フィッシャー・トロプシュ法に由来する軽質オレフィンを、ＺＳＭ−５（Ｚｅｏｌｙｓｔ Ｉｎｔ．社製、ＳｉＯ２／Ａｌ２Ｏ３≒３０）およびＣＯＤ−９から選択されるゼオライト触媒上で、５０ｂａｒの圧力、１５０〜３１０℃の範囲の温度でオリゴマー化するステップと、オリゴマー化生成物のガソリン画分から沸点が１５０℃未満の画分を蒸留するステップと、蒸留されたオリゴマー化画分を水素化触媒上で水素化するステップと、水素化された炭化水素生成物から蒸留するステップと、水素化留出物画分を精留触媒上で精留するステップと、精留炭化水素生成物を蒸留して、合成イソパラフィンケロシン（ＳＰＫ）について定められたＡＳＴＭ Ｄ ７５６６−１４ａの要件を満たすことができる航空タービン燃料（ＡＳＨ１９２５）を製造するステップとを含む。【選択図】 図１,Mudreleni Masikana Milan; Nottenbelt Cyril David; Lawrence Janine,THE PETROLEUM OIL AND GAS CORPORATION OF SOUTH AFRICA (PTY) LTD,2017-08-28
JP2020511350A,JP,2020-04-16,無人航空車両のための電力システムの冷却,無人航空車両は、回転するように少なくとも１つのプロペラを駆動するように構成される、少なくとも１つのロータモータと、電力を少なくとも１つのロータモータに提供するように構成される、マイクロハイブリッド発電機システムとを含む。マイクロハイブリッド発電機システムは、電力を少なくとも１つのロータモータに提供するように構成される、再充電可能バッテリと、機械的動力を生成するように構成される、小型エンジンと、小型エンジンに結合され、小型エンジンによって生成される機械的動力から電力を生成するように構成される、発電機モータとを含む。無人航空車両はまた、マイクロハイブリッド発電機システムに結合するように構成される、冷却システムを含む。冷却システムは、１つ以上の板と、１つ以上の板のそれぞれから延在する、複数のフィンとを含む。冷却システムは、マイクロハイブリッド発電機システムから熱を放散するように構成される。,"Fan, Long N.; Imani Nejad, Mohammad; Sweetland, Matthew","Top Flight Technologies, Inc.",2018-03-09
JP2024506450A,JP,2024-02-14,炭素回収を利用する化学物質および燃料を製造するプラントのための、コンピュータで実行されるモニタリング方法およびシステム,本開示は、ブループラントのためのコンピュータで実行されるモニタリング方法であって、前記プラントは、ブルー化学もしくは燃料製品を製造するように構成されており、プラント中に、製造プロセスのパラメータを登録するための複数の手段、好ましくは複数のセンサを、例えば反応器に沿って、備えており、炭素回収が前記製品のカーボンフットプリントを改善するために利用される、前記方法に関する。前記方法はさらに、受け取ったセンサデータから持続可能性スコアを計算することを含む。本開示はさらに、コンピュータで実行されるモニタリング方法およびシステム、データ処理システム、および上記を含むブループラントに関する。,Wilbek Feey Alice Hallqvist; Boyson Anders Erik; Veadir Sulwein; Rasmusun Henrek Voldas; Garald Thor; tucker prijesh; alkire ole fly; How Go Leave; Masun Mathias Boii,Topso Actiesel Scavet,2021-12-22
JP5663501B2,JP,2015-02-04,バイオマスからの有機化合物を一部含有する航空燃料,"The invention relates to an aviation fuel containing between 1 and 100 wt.-% of a fraction of a compound obtained by means of chemical transformation from renewable, natural optionally-hydroxylated monounsaturated fatty acids having a chain length at least equal to 14 carbon atoms, selected from among nitriles and medium fatty acid esters containing between 7 and 12 carbon atoms per molecule and between 0 and 99 wt.-% of a kerosene originating from petrol that meets global aviation fuel specifications.",デユボワ，ジヤン−リユツク,アルケマ  フランス,2010-03-08
JP6887445B2,JP,2021-06-16,バイオ再生可能ケロシン、ジェット燃料、ジェット燃料ブレンドストック、および製造方法,"The present technology provides compositions that include at least about 98 weight percent (""wt%"") n-paraffins which, among other surprising features, may be suitable for use as a diesel fuel, an aviation fuel, a jet fuel blendstock, a blendstock to reduce the cloud point of a diesel fuel, a fuel for portable heaters, and/or as a charcoal lighter fluid. The composition includes at least about 98 wt% C7-C12 n-paraffins, where at least about 10 wt% of composition includes n-decane, at least about 20 wt% of the composition includes n-dodecane, and at least about 75 wt% of the composition includes even carbon number paraffins. The composition also includes less about 0.1 wt% oxygenates and less than about 0.1 wt % aromatics. The composition may be produced by a process that includes hydrotreating a biorenewable feedstock comprising at least one of palm kernel oil, coconut oil, babassu oil, microbial oil, or algal oil.",Aberramine; Slade David A.; Tom Linson H. Lynn; Ashby Eric; Green nate; Golden caroline,R Easy Synthetic Fuels Limited Liability Company,2017-05-10
JP2000510544A,JP,2000-08-15,【発明の名称】ウエット圧縮を介してガスタービンで動力増大を達成する方法および装置,"The net output of an industrial gas turbine (101) including an axial-flow multistage compressor (103) having an inlet (102) for acquiring a working fluid comprising air, is augmented using a process comprising the step of providing, to the working fluid acquired by the axial-flow compressor (103), droplets of a liquid which possesses a high latent of vaporization to reduce the temperature increase of the working fluid caused by compression and to thereby achieve an increase in the net output of the gas turbine (101) as measured against the net output of the gas turbine (101) under comparable conditions but without said liquid being provided. The droplets are provided by droplet-addition means (201) located a sufficient distance away from the compressor inlet (102) whereby, in the event of any element of said means breaks away and is carried with the inlet air towards the compressor inlet, that element is gravitationally pulled to a lower surface (136) of an inlet duct (133) to the compressor inlet (102) before the air reaches said inlet (102).","Zachary, Richard Y; Hudson, Roger Dee; Henry E. James E; Lively, William Yee",The Dow Chemical Company,1997-05-02
JP7093748B2,JP,2022-06-30,ジェット・エンジンのクリーニング方法,"An apparatus for foaming a water soluble liquid cleaning agent, which includes a housing (61) defining an internal flowpath, the flowpath having first (65), second (74), and third (78) flow portions arranged sequentially. The housing (61) has a gas inlet (62), a liquid inlet (63) for the water soluble cleaning agent, and a foam outlet (64). The first flow portion (65) includes a gas plenum (66) that is adapted and configured for receiving gas under pressure from the gas inlet (62) and includes a plurality of apertures (70). The plenum (66) and the interior of said housing (61) cooperate to form a mixing region receiving liquid from the liquid inlet (63) and receiving gas expelled from the apertures (70). The first portion (65) provides a first foam of the liquid and the gas into the internal flowpath. The second flow portion (74) receives the first foam and flows the first foam past a foam growth member (75) adapted and configured to provide surface area for attachment and merging of cells of the first foam to create a second foam. The third flow portion (78) receives the second foam and flows the second foam through a foam structuring member (79) adapted and configured to reduce the size of at least some of the cells of the second foam to create a third foam provided to the foam outlet (64).","Saens, Giorgi, Ivan",Aerocore Technologies LLC,2019-06-17
JP2019528213A,JP,2019-10-10,二重圧縮機４ホイールターボマシンを用いた環境制御システムの改善された予冷方法および航空機,ガスタービンエンジン（１２）を使用して抽気を航空機の環境制御システム（４８）に供給する方法および航空機は、環境制御システム（４８）に対する抽気需要を決定することと、低圧および高圧抽気（６６、６６ａ、６６ｂ、６８）を選択的に環境制御システム（４８）に供給することとを含み、選択的供給は、調整空気流が決定された抽気需要を満たすように制御される。【選択図】図３,"Astron, Dominique Patrick",GE Aviation Systems LLC,2017-08-23
JP2019528212A,JP,2019-10-10,３ホイールターボマシンを用いた環境制御システムの改善された予冷方法および航空機,ガスタービンエンジン（１２）を使用して抽気を航空機（１０）の環境制御システム（４８）に供給する方法および航空機は、環境制御システム（４８）に対する抽気需要を決定することと、低圧および高圧抽気（６６、６８）を選択的に環境制御システム（４８）供給することとを含み、選択的供給は、調整空気流が決定された抽気需要を満たすように制御される。【選択図】図６,"Astron, Dominique Patrick",GE Aviation Systems LLC,2017-08-01
JP2023538837A,JP,2023-09-12,エンジニア再認証アシスタント,リアルタイムデータ取得及び記録システム（ＤＡＲＳ）、ＤＡＲＳビューア、並びにモバイル資産のためのビデオ分析論システムを利用するエンジニア再認証アシスタント。ＤＡＲＳは、データレコーダ、搭載データマネージャ、及び少なくとも１つのローカルメモリモジュールを含む。ビデオ分析論システムは、モバイル資産オペレータの動作パフォーマンスに基づいて、重要イベント及び規制要件について、少なくとも１つのカメラからのビデオデータ及びデータレコーダからの動作データを処理する。処理されたビデオデータ及び動作データは、エピソード、例外、及びユーザコメントと共に、ウェブポータルを特徴とするディスプレイデバイス上の表示である。エンジニア再認証アシスタントは更に、モバイル資産オペレータの認証若しくは認証解除のための自動化されたスコアベースの推奨を判定することができるか、又は全体的非準拠に対してモバイル資産オペレータを直接認証又は認証解除することができる。【選択図】図１,Jordan Lawrence Bee.; Pardke Mikhail; messina frank; Martinez Roger; Dinesh Divya,"WI-TRONIX,LLC",2021-08-05
JP2023517560A,JP,2023-04-26,廃棄物および／またはバイオマスから有用な製品を製造する方法,本発明は、変動する組成特性の炭素質供給原料から有用な製品を製造する方法を提供し、この方法は、変動する組成特性の炭素質供給原料をガス化ゾーンに連続的に供給する工程と、ガス化ゾーンで炭素質供給原料をガス化して原料合成ガスを得る工程と、ガス化ゾーンから原料合成ガスの少なくとも一部を回収して、回収した原料合成ガスの少なくとも一部を部分酸化ゾーンに供給する工程と、部分酸化ゾーンで原料合成ガスのＨ２：ＣＯ比を平衡化し、平衡合成ガスを得ること；部分酸化ゾーンから平衡合成ガスの少なくとも一部を回収し、ガスを処理して不純物を除去し、上質合成ガスを生成すること；上質合成ガスの少なくとも一部のＨ２：ＣＯ比を場合により調整して、調整された上質合成ガスを得ること；および場合により調整された上質合成ガスを、使用率を必要とするさらなる化学反応で有用物に変換すること；ここで、上質合成ガスのＨ２：ＣＯ比は使用率を下回り、上質合成ガスのＨ２：ＣＯ比の少なくとも一部の場合による調整は、上質合成ガス中のＨ２：ＣＯ比を使用率のレベル、それに近い値またはそれ以上に高めるのに有効であり、ここで原料合成ガスのＨ２：ＣＯ比は、炭素質原料の組成特性の変動の結果としてプロセスの運転中に±ｘのパーセンテージで変動し、平衡合成ガスのＨ２：ＣＯ比は、プロセスの運転中に変動しないか、炭素質原料の組成特性の変動の結果としてプロセスの運転中に±ｙのパーセンテージで変動し、ｙはｘより低い割合である。【選択図】なし,"Grieger, Ivan Phillip; Harris, Roger Allen; King, Neal Alexander; Deshmukh, Somitra Earl.; Chiu and Ziyang; Gupta, Ashish",Velocies Technologies Limited,2021-03-16
JP2013516487A,JP,2013-05-13,再生可能な化学物質を調製するための統合的方法,"Isobutene, isoprene, and butadiene are obtained from mixtures of C4 and/or C5 olefins by dehydrogenation. The C4 and/or C5 olefins can be obtained by dehydration of C4 and C5 alcohols, for example, renewable C4 and C5 alcohols prepared from biomass by thermochemical or fermentation processes. Isoprene or butadiene can be polymerized to form polymers such as polyisoprene, polybutadiene, synthetic rubbers such as butyl rubber, etc. in addition, butadiene can be converted to monomers such as methyl methacrylate, adipic acid, adiponitrile, 1,4-butadiene, etc. which can then be polymerized to form nylons, polyesters, polymethylmethacrylate etc.","Peters, Matthew W..; Taylor, Joshua Dee.; Jenny, Madeleine M.; Henton, David E.; Manzer, Leo Yi.","Zivo, Inc.",2011-01-07
JP7040707B2,JP,2022-03-23,付加製造された熱交換器,"A heat exchanger and a method for additively manufacturing the heat exchanger are provided. The heat exchanger includes a plurality of fluid passageways that are formed by additive manufacturing methods which enable the formation of fluid passageways that are smaller in size, that have thinner walls, and that have complex and intricate heat exchanger features that were not possible using prior manufacturing methods. For example, the fluid passageways may be curvilinear and may include heat exchanging fins that are less than 0.01 inches thick and formed at a fin density of more than four heat exchanging fins per centimeter. In addition, the heat exchanging fins may be angled with respect to the walls of the fluid passageways and adjacent fins may be offset relative to each other.","Senoun, Mohamed, El Hasin; Bonner, James, Fitzgerald; Levine, Rachel, Win",GENERAL ELECTRIC COMPANY,2018-02-20
JP2018535287A,JP,2018-11-29,フローにおいて用いるための会合性ポリマーおよび関連組成物、方法ならびにシステム,ここに説明するのは、非極性組成物がフローにあるときに使用することができる非極性組成物の物理的および/または化学的性質をコントロールすることが可能な会合性ポリマー、および関連組成物、方法およびシステムである。ここに記載する会合性ポリマーは、フロー条件下で実質的に変化しない分子量を有する最長スパンおよび非極性骨格の端部にて提示される官能基を伴い、会合相互作用を、別の会合性官能基と、それぞれの会合相互作用の強さが原子間の共有結合の強さよりも小さくなるように、特に、骨格原子間の共有結合の強さよりも小さくなるように、会合定数（k）とともに行うことが可能な会合性官能基によって形成される非極性骨格の端部にて提示される多数の官能基を伴う非極性骨格を有する。,Julia A Cornfield; Min-Shin way,The Regents of The University of California,2016-09-19
JP6375714B2,JP,2018-08-22,移動体運行管理システム,,Tadashi Ozawa; Takaaki Ishikawa; Toshio Furukawa; Keiichiro Nagashima,Mitsubishi Electric Corporation,2014-06-18
JP2010520343A,JP,2010-06-10,生きていない有機材料の帯電防止処理と導電性改善に適した添加剤組成物,"An additive formulation suitable for antistatic modification and improving the electrical conductivity of inanimate organic material, consisting essentially of (A) from 1 to 50% by weight of an olefin-sulfur dioxide copolymer, (B) from 1 to 50% by weight of a compound which comprises one or more basic nitrogen atoms and has at least one relatively long-chain linear or branched hydrocarbon radical having at least four carbon atoms or an equivalent structural element which ensures the solubility of component (B) in the inanimate organic material, (C) from 0.1 to 30% by weight of an oil-soluble acid and (D) from 1 to 80% by weight of a high-boiling organic solvent which consists of one or more molecule types, where at least 80% by weight of these molecule types have a boiling point of more than 150° C. at standard pressure, where the sum of all components adds up to 100% by weight.",Dietmar Posselto; Frank-Olav Mailing; Arno Lange; Anya Finquia; Claudius Colman,BASF SE,2008-02-28
JP2014518585A,JP,2014-07-31,H2Oベース電気化学的水素-触媒パワーシステム,"An electrochemical power system is provided that generates an electromotive force (EMF) from the catalytic reaction of hydrogen to lower energy (hydrino) states providing direct conversion of the energy released from the hydrino reaction into electricity, the system comprising at least two components chosen from: H2O catalyst or a source of H2O catalyst; atomic hydrogen or a source of atomic hydrogen; reactants to form the H2O catalyst or source of H2O catalyst and atomic hydrogen or source of atomic hydrogen; and one or more reactants to initiate the catalysis of atomic hydrogen. The electrochemical power system for forming hydrinos and electricity can further comprise a cathode compartment comprising a cathode, an anode compartment comprising an anode, optionally a salt bridge, reactants that constitute hydrino reactants during cell operation with separate electron flow and ion mass transport, and a source of hydrogen. Due to oxidation-reduction cell half reactions, the hydrino-producing reaction mixture is constituted with the migration of electrons through an external circuit and ion mass transport through a separate path such as the electrolyte to complete an electrical circuit. A power source and hydride reactor is further provided that powers a power system comprising (i) a reaction cell for the catalysis of atomic hydrogen to form hydrinos, (ii) a chemical fuel mixture comprising at least two components chosen from: a source of H2O catalyst or H2O catalyst; a source of atomic hydrogen or atomic hydrogen; reactants to form the source of H2O catalyst or H2O catalyst and a source of atomic hydrogen or atomic hydrogen; one or more reactants to initiate the catalysis of atomic hydrogen; and a support to enable the catalysis, (iii) thermal systems for reversing an exchange reaction to thermally regenerate the fuel from the reaction products, (iv) a heat sink that accepts the heat from the power-producing reactions, and (v) a power conversion system.","Mills, Randell El.",Black Light Power Incorporated,2012-03-30
JP5809348B2,JP,2015-11-10,Ｈ２Ｏベース電気化学的水素−触媒パワーシステム,"An electrochemical power system is provided that generates an electromotive force (EMF) from the catalytic reaction of hydrogen to lower energy (hydrino) states providing direct conversion of the energy released from the hydrino reaction into electricity, the system comprising at least two components chosen from: H2O catalyst or a source of H2O catalyst; atomic hydrogen or a source of atomic hydrogen; reactants to form the H2O catalyst or source of H2O catalyst and atomic hydrogen or source of atomic hydrogen; and one or more reactants to initiate the catalysis of atomic hydrogen. The electrochemical power system for forming hydrinos and electricity can further comprise a cathode compartment comprising a cathode, an anode compartment comprising an anode, optionally a salt bridge, reactants that constitute hydrino reactants during cell operation with separate electron flow and ion mass transport, and a source of hydrogen. Due to oxidation-reduction cell half reactions, the hydrino-producing reaction mixture is constituted with the migration of electrons through an external circuit and ion mass transport through a separate path such as the electrolyte to complete an electrical circuit. A power source and hydride reactor is further provided that powers a power system comprising (i) a reaction cell for the catalysis of atomic hydrogen to form hydrinos, (ii) a chemical fuel mixture comprising at least two components chosen from: a source of H2O catalyst or H2O catalyst; a source of atomic hydrogen or atomic hydrogen; reactants to form the source of H2O catalyst or H2O catalyst and a source of atomic hydrogen or atomic hydrogen; one or more reactants to initiate the catalysis of atomic hydrogen; and a support to enable the catalysis, (iii) thermal systems for reversing an exchange reaction to thermally regenerate the fuel from the reaction products, (iv) a heat sink that accepts the heat from the power-producing reactions, and (v) a power conversion system.","Mills, Randell El.",Black Light Power Incorporated,2012-03-30
JP2017503855A,JP,2017-02-02,生物学的原材料から得られたパラフィンフラクションを含む組成物及びそれを製造する方法,組成物であって、組成物の総重量に基づいて４０‐５０重量％のＣ１４パラフィン、及び組成物の総重量に基づいて３５‐４５重量％のＣ１５パラフィン、を含み、Ｃ１４パラフィン及びＣ１５パラフィンは生物学的原材料から製造されている、組成物。,"Aalto, Pekka; Sand Bali, Katy; Neiman, Tomi; Hakora, maya","Neste Yurkinen, Salmon, Yukitua",2014-12-30
JP2787061B2,JP,1998-08-13,【発明の名称】操縦制御用ディスプレイ,"PURPOSE:To provide a display screen, by which optimum display to a pilot can be made, and the flying condition of a pilotless aircraft can be understood and judged easily and precisely by the pilot by collectively displaying various kinds of flying data on a special-purpose control display, and providing a function capable of changing the display screen so as to be suitable for the pilot. CONSTITUTION:Plural pilotless aircrafts 11a-11n are loaded with telemeter signal transmitters 9a-9n, and control signal receivers 10a-10n, and on the other hand, a control display system special for each aircraft is provided on the ground side. Various kinds of flying data transmitted from the pilotless aircrafts 1a-11n is collectively displayed on one screen of the control display 1a-1n, and the display screen of the control display 1a-1n is changed depending on pilots 4a-4n, or switched to be displayed in scroll or dividing method.",YOKOTA KOICHI,NIPPON KOKU DENSHI KOGYO KK,1993-04-28
JP2015513531A,JP,2015-05-14,エネルギー変換および生成のための方法およびシステム,本発明は、電気エネルギーを化学エネルギーに変換する方法およびシステムに関するものであり、任意選択的にそのエネルギーを回収して必要に応じて電気を発生させる方法およびシステムに関する。好ましい実施形態において、電気エネルギー源の少なくとも一部は再生可能なエネルギー源から得られるものである。本発明によれば、ＣＯ２を大気中に放出することなく、利便性の高いエネルギー変換および生成が可能となる。【選択図】図１,Robert Simpson,Thermogas Dynamics Limited,2013-02-18
JP6450397B2,JP,2019-01-09,生物学的原材料から得られたパラフィンフラクションを含む組成物及びそれを製造する方法,"A composition, including 40-50 wt-% C14 paraffins, based on the total weight of the composition, and 35-45 wt-% C15 paraffins, based on the total weight of the composition, wherein the C14 and C15 paraffins are produced from a biological raw material.","Aalto, Pekka; Sand Bali, Katy; Neiman, Tomi; Hakora, maya","Neste Yurkinen, Salmon, Yukitua",2014-12-30
JP2022534294A,JP,2022-07-28,タンデム翼および分散型推進システムを使用する新規の航空機設計,本明細書に説明される主題は、航空機設計に関し、より具体的に、タンデム翼および分散型推進システムを使用する航空機設計に関する。説明される実施形態は、空気力学、推進力、構造、および安定性／制御の間の相乗効果を可能にする。一実施形態では、タンデム翼は、第１の翼組と第２の翼組とを含み、第１の翼組と第２の翼組の各々は、翼幅に沿って設置されるスラスタの組を伴う翼幅をする。一実施形態では、航空機は、前翼組および後翼組であって、各翼組は、右舷翼および左舷翼を有し、各翼は、翼端を有する、前翼組および後翼組と、前翼組の幅にわたって分配された複数の固定スラスタと、後翼組の幅にわたって分配された複数の固定スラスタとを備えている。,"Hosseini, Cave","Craft Aerospace Technologies, Incorporated",2020-05-28
JP2020518515A,JP,2020-06-25,一体型陸上−航空輸送システム,一体型陸上−航空輸送システムインフラストラクチャの一部として機能する乗客運搬空中車両は、ルートの臨界的な部分を航空輸送によって完結することを可能にする。いくつかの実装において、空中車両（ＡＶ）は、使用サイクルを通じて単一のユニットのままであるが、路上走行可能な車両を形成するためにスタンドアロン陸上車両アセンブリ（ＳＧＶ）との統合に対してＡＶを最適化するために、再構成可能な推進システムを利用する。他の実装において、客室は交互に、空中車両を形成するためにエアロモジュールと、及び陸上車両を形成するためにＳＧＶと、典型的には客室ユニット内に配置されるエアロモジュール用の動力源の少なくとも一部と、ドッキングする。【選択図】図３ｄ,"Tal, Oren; Tal, Leuven",Flyon Aero Systems LDT.,2018-04-29
JP2013542547A,JP,2013-11-21,電気化学的水素-触媒パワ-・システム,"An electrochemical power system is provided that generates an electromotive force (EMF) from the catalytic reaction of hydrogen to lower energy (hydrino) states providing direct conversion of die energy released from the hydrino reaction into electricity, the system comprising at least two components chosen from: a catalyst or a source of catalyst; atomic hydrogen or a source of atomic hydrogen; reactants to form the catalyst or source of catalyst and atomic hydrogen or source of atomic hydrogen, and one or more reactants to initiate the catalysis of atomic hydrogen. The electrochemical power system for forming hydrinos and electricity can further comprise a cathode compartment comprising a cathode, an anode compartment comprising an anode, optionally a salt bridge, reactants that constitute hydrino reactants during cell operation with separate electron flow and ion mass transport, and a source of hydrogen. Due to oxidation-reduction cell half reactions, the hydrino-producing reaction mixture is constituted with, the migration of electrons through an external circuit and ion mass transport through a separate path such as the electrolyte to complete an electrical circuit. A power source and hydride reactor is further provided that powers a power system comprising (i) a reaction cell for the catalysis of atomic hydrogen to form hydrinos, (ii) a chemical fuel mixture comprising at least two components chosen from: a source of catalyst or catalyst; a source of atomic hydrogen or atomic hydrogen; reactants to form the source of catalyst or catalyst and a source of atomic hydrogen or atomic hydrogen; one or more reactants to initiate the catalysis of atomic hydrogen; and a support to enable the catalysis, (iii) thermal systems for reversing an exchange reaction to thermally regenerate the fuel from the reaction products, (iv) a heat sink that accepts the heat from the power-producing reactions, and (v) a power conversion system.","Mills, Randell El.",Black Light Power Incorporated,2011-03-17
JP2015520251A,JP,2015-07-16,光開始剤を有する硫黄含有ポリマーを基礎とする母材及びシーラント、硬化及び被覆する方法並びにその使用,本発明は、硬化を、指令によりかつシーラントの不粘着表面が硬化開始時点から０．０５〜５分の不粘着時間で達成されるように急速に行う、硫黄含有ポリマーを基礎とする母材及び硬化剤からなる混合物の硬化方法、並びに硫黄含有ポリマーを有するシーラントの製造及び硬化のための母材及び硬化剤からなる混合物を用いた基材の被覆方法であって、混合物は、イソシアナート含分を有する未硬化の混合物であり、母材は未硬化でありかつ、ポリエーテル、ポリチオエーテル、ポリスルフィド、それらのコポリマー及び／又はそれらの混合物を基礎とするメルカプト末端基のベースポリマーを有し、未硬化の母材、硬化剤又はその両方は、立体障害の第３級アミンを基礎とする少なくとも１つの光開始剤を有し、少なくとも１つの光開始剤は高エネルギーの化学線の作用の際に、第３級アミンを基礎とする１分子当たり少なくとも１つのラジカルを脱離し、このラジカルから、特にＨ引き抜きにより活性触媒が形成され、この活性触媒は、シーラントの硬化のための触媒として作用することができ、この混合物は、高エネルギーの化学線の作用時点から−１０〜＋７０℃の温度範囲で硬化し、この混合物は硬化開始時点からシーラントといわれる、基材の被覆方法に関する。本発明は、更に、相応する母材Ａ、混合物Ｂ、硬化剤及びシーラント系並びにこれらを有する航空機にも関する。,Miroslav kralev; Bian Zie Firth; Peter Bons; Francisco Dies,Chemetall GmbH,2013-04-09
JP2015531228A,JP,2015-11-02,森林管理システム,森林（２０６）を管理するための方法及び装置が提供される。森林管理システム（１００）は、森林マネージャー（２０２）を備える。森林マネージャー（２０２）は、一群の自律したビークル（２２６）から森林（２０６）についての情報（２２０）を受信し、情報（２２０）から森林（２０６）の状態（３０４）についての結果（３０２）を発生させるために情報（２２０）を分析し、かつ結果（３０２）を使用して前記一群の自律したビークル（２２６）の作動を調整するように構成される。【選択図】図１,"Vian, john; Lowe, George M.; Prusch Vulco, Joshua",The Boeing Company,2013-08-09
JP6461795B2,JP,2019-01-30,森林管理システム,"A method and apparatus of managing a forest. A forestry management system comprises a forestry manager. The forestry manager is configured to receive information about a forest from a group of autonomous vehicles, analyze the information to generate a result about a state of the forest from the information, and coordinate operation of the group of autonomous vehicles using the result.","Vian, john; Lowe, George M.; Prusch Vulco, Joshua",The Boeing Company,2013-08-09
JP6430885B2,JP,2018-11-28,新規な往復動機械およびその他の装置,,"Hindarks, Mitoja, Victor","Hindarks, Mitoja, Victor",2015-04-24
JPWO2019083030A1,JP,2020-12-17,カーボンナノチューブ被覆電線およびその施工方法、識別マークの検出方法,識別性に優れたカーボンナノチューブ被覆電線を提供する。複数のカーボンナノチューブで構成されるカーボンナノチューブ集合体の単数または複数からなるカーボンナノチューブ線材と、カーボンナノチューブ線材を被覆する絶縁被覆層とを備え、絶縁被覆層は、識別マークを有する、カーボンナノチューブ被覆電線。,Hideki Aizawa; Satoshi Yamazaki; Tomohisa Yamashita; Kenji Hatamoto,"THE FURUKAW ELECTRIC CO.,LTD.",2018-10-26
JP5165737B2,JP,2013-03-21,火炎抑制システムおよび航空機用火炎抑制システム,"A fire suppression system (20) includes a container (22) for supplying a fire suppression agent into a compartment (A, B, C) to be protected. The container (22) communicates with a flow line (25) leading to the compartment (A ,B, C). A control (34) controls the fire suppression system, and a valve (30) on the flow line (25) delivers a variable pressure to the flow line (25) from the container (22). Further, a system is disclosed and claimed wherein a single gas supply communicates through a manifold (23) to each of a plurality of compartments (A, B, C). In addition, a system is disclosed and claimed wherein a primary gas supply container (22) switches to secondary gas supply containers (24) once a pressure within the primary gas supply (22) container drops below a predetermined amount.",Josephine Gabriel Gatosonides; Robert G. Dunster,"Kidda Technologies, Inc.",2010-08-17
JP7189882B2,JP,2022-12-14,カーボンナノチューブ被覆電線およびその施工方法、識別マークの検出方法,"Provided is a coated carbon nanotube electric wire superior in identifiability. The coated carbon nanotube electric wire includes: a carbon nanotube wire including one or a plurality of carbon nanotube aggregates formed by a plurality of carbon nanotubes; and an insulating coating layer coating the carbon nanotube wire, wherein the insulating coating layer has an identification mark.",Hideki Aizawa; Yamazaki Satoshi; Satoshi Yamashita; Kenji Hatamoto,"THE FURUKAW ELECTRIC CO.,LTD.",2018-10-26
JP7173680B2,JP,2022-11-16,軟質ポリウレタンフォーム用の反応性難燃剤混合物,"The present invention provides dialkyl phosphorus-containing compounds, namely reactive mono-hydroxyl-functional dialkyl phosphinates in a blend with a phosphate compound, said blend serving as highly efficient reactive flame retardant blend in flexible polyurethane foam. The invention further provides fire-retarded polyurethane compositions comprising said the reaction product of the flame retardant blend with polyol and isocyanate foam forming components.","Swell, Jeffrey; Chen, Jihao; Patel, Munjar","ICL-IP America, Inc.; ICL-IP AMERICA INC.",2018-07-23
JP6882160B2,JP,2021-06-02,植物脂質から工業製品を製造する工程,"The present invention relates to methods of producing industrial products from plant lipids, particularly from vegetative parts of plants. In particular, the present invention provides oil products such as biodiesel and synthetic diesel and processes for producing these, as well as plants having an increased level of one or more non-polar lipids such as triacylglycerols and an increased total non-polar lipid content. In one particular embodiment, the present invention relates to combinations of modifications in two or more of lipid handling enzymes, oil body proteins, decreased lipid catabolic enzymes and/or transcription factors regulating lipid biosynthesis to increase the level of one or more non-polar lipids and/or the total non-polar lipid content and/or mono-unsaturated fatty acid content in plants or any part thereof. In an embodiment, the present invention relates to a process for extracting lipids. In another embodiment, the lipid is converted to one or more hydrocarbon products in harvested plant vegetative parts to produce alkyl esters of the fatty acids which are suitable for use as a renewable biodiesel fuel.",Thomas Van Haake; James Robertson Petrie; Anna El Turchy; Slinder Pal Singh; Kyle Reynolds; Kin Liu; Benjamin Aldo Reita,COMMONWEALTH SCIENTIFIC AND INDUSTRIAL RESEARCH ORGANISATION,2015-07-07
JP2017529060A,JP,2017-10-05,植物脂質から工業製品を製造する工程,本発明は、植物脂質、特に植物の生育部分から工業製品を製造する方法に関する。特に、本発明は、バイオディーゼル及び合成ディーゼルなどの油製品、ならびにこれらを製造する工程に加え、トリアシルグリセロール等の１つ以上の非極性脂質レベルの増加した植物、及び非極性脂質の総含有量の増加した植物を提供する。特定の一実施形態では、本発明は、植物またはその任意の部分において、１つ以上の非極性脂質のレベル及び／または非極性脂質の総含有量及び／または一価不飽和脂肪酸含有量を増加させる、２つ以上の脂質処理酵素、油体タンパク質、低脂質分解酵素及び／または脂質生合成を調節する転写因子の改変の組み合わせに関する。一実施形態では、本発明は脂質の抽出工程に関する。別の実施形態では、採取された植物生育部分において、脂質を１つ以上の炭化水素生成物へと転換し、再生可能バイオディーゼル燃料としての用途に適した脂肪酸のアルキルエステルを製造する。,Thomas Van Haake; James Robertson Petrie; Anna El Turchy; Slinder Pal Singh; Kyle Reynolds; Kin Liu; Benjamin Aldo Reita,COMMONWEALTH SCIENTIFIC AND INDUSTRIAL RESEARCH ORGANISATION,2015-07-07
JP7182602B2,JP,2022-12-02,軟質ポリウレタンフォーム用の反応性難燃剤,"The present invention provides dialkyl phosphorus-containing compounds, namely reactive mono-hydroxyl-functional dialkyl phosphinates, serving as highly efficient reactive flame retardants in flexible polyurethane foams. The invention further provides fire-retarded polyurethane compositions comprising said the reaction product of the mono-hydroxyl-functional dialkyl phosphinates with polyol and isocyanate foam forming components.","Andrew Piotrowski; Jillber man, joseph; Swell, Jeffrey; Germont,mark; Shin, Mayank; Chen, Jihao; Graz, Elan","ICL-IP America, Inc.; ICL-IP AMERICA INC.",2018-07-23
JP6752219B2,JP,2020-09-09,冷却フィンを備えたケーシングを有するガスタービンエンジン,"The gas turbine engine (3) comprises a compressor section (9) configured for compressing combustion air, a combustor section (15) and a turbine section (21). The turbine section (21) comprises a turbine rotor (41) with a bladed wheel (43) rotating around a turbine rotation axis (A-A), an exhaust gas diffuser (65), and a casing (52) having an inner surface and an outer surface. The casing (52) further comprises a plurality of cooling fins (75) located on the outer surface thereof.","Lombardy, Luka; Mavrie, Lajesh; Lady, Vishnu Barhan",Nuovo Pignone Tecnologie S.R.L.,2016-04-22
JP2014516859A,JP,2014-07-17,ヘリコプタ,"A composite structure forming a load bearing composite shell for a helicopter, with a shell which defines the exterior of a fuselage and includes a central fuselage section and tail boom, a fuselage which is adapted house an engine or drive train, a layered composite crashworthy seat and support structure and a fastening and a method of fastening by providing an adhesive between two layers which is allowed to flow through opposing holes in the layers to provide a chemical and mechanical attachment between the layers.","Maloney, Peter; Heatray, Nina",Composite Helicopter Holdings Limited,2012-06-07
JP2010538642A,JP,2010-12-16,生物油ならびにその生産および使用,"The present invention provides biological oils and methods and uses thereof. The biological oils are preferably produced by heterotrophic fermentation of one or more microorganisms using cellulose-containing feedstock as a main source of carbon. The present invention also provides methods of producing lipid-based biofuels and food, nutritional, and pharmaceutical products using the biological oils.",Rip Myr James Cayce; Pfeiffer Third Joseph W.; Hansen John Milton; Apto Kirk E.; Berkeley William Robert; Burrens Paul Warren; Martin david christian,Martech Biosciences Corporation,2008-09-08
JP2018516330A,JP,2018-06-21,冷却フィンを備えたケーシングを有するガスタービンエンジン,ガスタービンエンジン（３）が、燃焼空気を圧縮するように構成された圧縮機セクション（９）と、燃焼器セクション（１５）と、タービンセクション（２１）とを備える。タービンセクション（２１）は、タービン回転軸線（Ａ−Ａ）を中心に回転するブレード付きホイール（４３）を有するタービンロータ（４１）と、排気ガスディフューザ（６５）と、内面および外面を有するケーシング（５２）とを備える。ケーシング（５２）は、その外面に配置された複数の冷却フィン（７５）をさらに備える。【選択図】図３,"Lombardy, Luka; Mavrie, Lajesh; Lady, Vishnu Barhan",Nuovo Pignone Tecnologie S.R.L.,2016-04-22
JPH09503159A,JP,1997-03-31,【発明の名称】スプレイノズル及びその製造方法,"A method of forming an atomizing spray nozzle (42) includes the steps of etching a swirl chamber (56) and a spray orifice (44) in a thin sheet of material (46). The swirl chamber (56) is etched in a first side of the disk (46) and the spray orifice (44) is etched through a second side to the center of the swirl chamber (56). Feed slots (58-64) are etched in the first side of the disk (46) extending non-radially to the swirl chamber (56) such that liquid can be conveyed to the swirl chamber (56) so as to create and sustain the swirling motion. An inlet piece (40) with inlet passage (88-90) therein is connected with first side of the disk (46) so as to convey liquid to the feed slots (58-64) of the disk (46) and to enclose the feed slots (58-64) and swirl chamber (56). In addition to the method described an atomizing spray nozzle (42) having the configuration described is much improved in its spray characteristics. The present invention also provides a method of forming a number of spray nozzles simultaneously in a single manufacturing process, ","Simons, harold sea; Harvey, Lexus Jay",GENERAL ELECTRIC COMPANY,1994-09-28
JP3289913B2,JP,2002-06-10,【発明の名称】スプレイノズル及びその製造方法,"A method of forming an atomizing spray nozzle (42) includes the steps of etching a swirl chamber (56) and a spray orifice (44) in a thin sheet of material (46). The swirl chamber (56) is etched in a first side of the disk (46) and the spray orifice (44) is etched through a second side to the center of the swirl chamber (56). Feed slots (58-64) are etched in the first side of the disk (46) extending non-radially to the swirl chamber (56) such that liquid can be conveyed to the swirl chamber (56) so as to create and sustain the swirling motion. An inlet piece (40) with inlet passage (88-90) therein is connected with first side of the disk (46) so as to convey liquid to the feed slots (58-64) of the disk (46) and to enclose the feed slots (58-64) and swirl chamber (56). In addition to the method described an atomizing spray nozzle (42) having the configuration described is much improved in its spray characteristics. The present invention also provides a method of forming a number of spray nozzles simultaneously in a single manufacturing process, ","Simons, harold sea; Harvey, Lexus Jay",GENERAL ELECTRIC COMPANY,1994-09-28
JP2023530059A,JP,2023-07-13,プロセス及び装置,本発明は、１つ以上の有用な生成物を製造するためのプロセスに関し、廃棄物及び／又はバイオマスを含む炭素質供給原料をガス化ゾーンでガス化して、原料合成ガスを生成する工程；任意選択で、部分酸化ゾーンで前記原料合成ガスを部分酸化して、部分酸化された原料合成ガスを生成する工程；任意に部分酸化された、原料合成ガスの少なくとも一部を浄化ゾーンに供給して、汚染物質を除去し、清浄な合成ガスを提供する工程；任意選択で、水素対一酸化炭素比シフトゾーンで清浄な合成ガスの水素対一酸化炭素比をシフトして、シフトされた清浄な合成ガスを生成する工程；任意にシフトされた、清浄な合成ガスを第１の更なる反応トレインに供給して、少なくとも１つの第１の有用な生成物及びテールガスを生成する工程；任意選択で、前記第１の有用な生成物を第２の更なる反応トレインでアップグレードして、第２の有用な生成物及び軽質ガス留分を生成する工程；並びに外部要因に応じて、前記プロセス全体の炭素強度を制御し、ＧＨＧ排出量の削減を可能にするために、当該プロセス内で、要求に応じて選択的に、炭素質供給原料、清浄な合成ガス、テールガス、及び軽質ガス留分のうちの少なくとも１つの一部を、発熱又は発電に方向転換する工程、を含むプロセスに関する。【選択図】図１,"Grieger, Ivan Phillip; Harris, Roger Allen; King, Neal Alexander; Deshmukh, Sumitra Earl.; Chu, Juyan",Velocies Technologies Limited,2021-05-10
JP2014510228A,JP,2014-04-24,タービンエンジンの回転失速を解消する方法,"A method for eliminating rotational stall in a compressor of a turbine engine, includes automatically detecting surge in the turbine engine; automatically shutting-down the turbine engine; in the event surge is detected, automatically restoring a surge margin; and automatically re-igniting the turbine machine.","Jeratsushi, Sedorsk",SNECMA,2012-02-28
JP2012523979A,JP,2012-10-11,航空機のウィングボックスから発した気体及び/または液体が当該航空機の機体胴体部の中へ侵入することを防止する装置,"A device is disclosed for preventing gases and/or fluids emanating from a wing box of an aircraft from passing to an aircraft fuselage cell situated underneath it. The device comprises at least one sheet-like material positioned below or above the wing box. The sheet-like material is preferably made of a woven fabric comprising aramid fibers or the like, which fabric in order to ensure the required seal vis-à-vis liquid and/or gaseous substances, in particular vis-à-vis fuels, has been impregnated or soaked with an epichlorohydrin elastomer compound or with some other elastomer, for example a rubber compound or the like.","Bogiazis, Christos",Airbus Operations Gezelshaft Mitt Beschlenktel Haftung,2010-04-15
JP6831359B2,JP,2021-02-17,生物学的原材料から得られたパラフィンフラクションを含む組成物及びそれを製造する方法,"A composition, including 40-50 wt-% C14 paraffins, based on the total weight of the composition, and 35-45 wt-% C15 paraffins, based on the total weight of the composition, wherein the C14 and C15 paraffins are produced from a biological raw material.","Aalto, Pekka; Sand Bali, Katy; Neiman, Tomi; Hakora, maya","Neste Yurkinen, Salmon, Yukitua",2018-10-31
JP2013510997A,JP,2013-03-28,発電のための方法及び太陽電池式の風力発電装置,"The invention relates to the field of producing electric power by artificially creating an air stream incident on a power-generating module (turbine) using solar-powered batteries. The power-generating module turns, compresses the air stream and directs the latter onto the working surface of a blade-less rotor. The rotor is designed such that a reactive effect is created on the working surfaces thereof, which improves the turbine characteristics. In the proposed method for producing power, use is made of the kinetic and potential energy of the air stream, and also the moment of inertia of the installation and solar-powered batteries. The efficiency of the method reaches 50%, while traditional fuel is economized on and emissions of CO 2  into the atmosphere are reduced.","Urs, AEON Jorgevich; Potapov, Yury Semenovich",Alternative Energy Research Company Limited,2010-08-26
JP5857095B2,JP,2016-02-10,モリブデンベースの触媒を用いることにより再生可能な起源の流出物を優れた品質の燃料に転化する方法,"Supported or bulk catalyst (I) with an active phase comprising a Group VIB sulfide, in which the Group VIB element is molybdenum and the catalyst is in the sulfide form. An independent claim is also included for a method for the hydro-deoxygenation of charges obtained from renewable sources with decarboxylation/decarbonylation limited to not more than 10%, using the above catalyst (I) at 120-450[deg] C and 1-10 MPa with an hourly space velocity of 0.1-10 h -> 1>, in presence of a total amount of hydrogen (mixed in the charge) equal to 50-3000 Nm 3> hydrogen/m 3> of charge.",Antoine Dodane; Roland Brunet; Thierry Chapus,IFP ENERGIES NOUVELLES,2014-07-10
JP2021535028A,JP,2021-12-16,発射システム,少なくとも１つの実施例によれば、キャリア飛行体および少なくとも１つのペイロード飛行体を含む、発射システムが提供される。ペイロード飛行体は、ペイロード飛行体に所望の高度における設計亜音速巡航速度での空力動力飛行を提供するように設計されているペイロード推進システムおよび空力揚力面を含む。キャリア飛行体は、少なくとも１つのペイロード飛行体を少なくとも所望の高度まで搬送するように構成され、発射システムを所望の高度に推進するための固体ロケット推進システムをさらに含む。キャリア飛行体は所望の高度で所定の前進速度を提供するように構成され、所定の全身速度は設計亜音速巡航速度に相関している。キャリア飛行体は、所望の高度および所定の前進速度で、キャリア飛行体に対してペイロード飛行体を解放するように構成されている。設計亜音速巡航速度は、０．７マッハ数未満であり、所望の高度は、３ｋｍよりも大きい。【選択図】図１,"Peleg, Eyal; Valency, Tomel; Barboy, Iran",Israel Aerospace Industries Limited,2019-08-14
JP5116966B2,JP,2013-01-09,ガソリン,"PROBLEM TO BE SOLVED: To provide gasoline which contains a biomass-derived base from the viewpoint of regenerability and global warming prevention and is excellent in the easiness of exhaust gas cleaning, fuel consumption, and engine operation performance.  SOLUTION: Provided is gasoline which has a research octane number of 89.0 to below 96.0 and a sulfur content of 10 mass ppm or lower and is characterized by containing a base at least partially consisting of a fraction obtained by treating a feedstock oil mixed with biomass or with biomass and a mineral oil by fluidized catalytic cracking and having a distillation temperature range of from 25 to 220°C.  COPYRIGHT: (C)2007,JPO&INPIT",Takashi Kaneko; Masanori Hirose,"jx Nikko Nisseki Energy Co., Ltd.",2005-11-30
JP2021506539A,JP,2021-02-22,広域火災を抑制するための耐火性空中機,【解決手段】 軽量で耐衝撃性のあるセラミックマトリックス複合体を備えた、断熱性および耐炎性を備え、断熱材を取り付けられた、同心の二重船体、耐損傷性の機体車両二重クラッドであって、内部胴体領域の35℃から1350℃までの熱的保護を、極端な熱環境内で長期間にわたって行うことができ、半または完全に自律的な車両、有人または無人とすることができ、好ましくは、発射環境を出ることなく、火炎に対して圧力波を繰り返し放出することにより火炎を抑制又は消火するように設計された無人空中機が提供される。【選択図】 図１,"Thomas, Michael S.","Adaptive Global Solutions, LLC",2018-12-14
JPH10500983A,JP,1998-01-27,【発明の名称】化合物、組成物および用途,"PCT No. PCT/GB95/01206 Sec. 371 Date Dec. 9, 1996 Sec. 102(e) Date Dec. 9, 1996 PCT Filed May 26, 1995 PCT Pub. No. WO95/33754 PCT Pub. Date Dec. 14, 1995A method for the protection of a medium by susceptible to microbial attack by the treatment of the medium with an oxaborale or a salt of an oxaborale.","Austin, Peter William; Neil, Christopher Juan; Crawley, Patrick Jeruf; Clough, John Martin",Zeneca Limited,1995-05-26
JP2022508711A,JP,2022-01-19,ナノグラファイトスポンジおよびその製造方法,本開示は、ナノグラファイトスポンジ（ＮＧＳ）およびナノグラファイトスポンジを調製するための方法を提供する。開示されたナノグラファイトスポンジは、大きな表面積および細孔容積、低質量密度、良好な導電率および機械的特性を含む、多くの優れた特性を有する。これらの優れた特性により、ナノグラファイトスポンジは、バッテリーおよびスーパーキャパシターの電極、燃料電池や太陽電池、触媒や触媒担体、センサーなど、多くの用途に望ましい材料となっている。,"Nosker, Thomas, Jay.; Kia, Bernard, H.; He, Nofel, Tuhia; Lynch-Branzoy, Jennifer, Kay.; Tebetia, Aya, Shin","Rutgers, The State University of New Jersey",2019-10-15
JP2020531349A,JP,2020-11-05,鉄道資産を検査するための無人航空機システム,空中システム制御ネットワーク（２５００）、無人航空機（ＵＡＶ）システム（２４００）及び方法（２６００）は、ＵＡＶ（２４２０）を使用して鉄道資産を検査することを提供する。空中システム制御ネットワークは、複数の塔（２５１０、２５１５）と、複数の通信塔に接続された地上制御システム（２５２０）とを含む。地上制御システムは、複数の通信塔を介して、鉄道路線（１００）及び飛行経路（１０１０）を含む飛行計画を送信し、複数の通信塔を介して、ＵＡＶが鉄道路線をモニタしている間にデータを受信し、受信されたデータに基づいて飛行経路に沿って障害（１５００、１５０１、１５０２）を検出し、且つ障害に基づいて飛行計画を調整する。,"Greets, Todd; Grisam, Gerry; Mishke, Michael",BNSF RAILWAY COMPANY,2018-08-15
JP7205030B2,JP,2023-01-17,酸素含有の再生可能な油をアップグレーディングするプロセス,"The invention relates to producing upgraded renewable oil. Renewable crude oil is provided whose oxygen content, water content, and total acid number are within predetermined ranges. Respective fractions of the oil have boiling points below 350° C. and above 450° C. After the oil is pressurized, and hydrogen is added, the mixture is heated and contacted with a heterogeneous catalyst in a first reaction zone with weight based hourly space velocity (WHSV) of 0.1 to 1 h-1. The resultant partially hydrogenated and deoxygenated oil is further heated and contacted with a heterogeneous catalyst in a second reaction zone at WHSV of 0.1 to 1.5 h-1. Low and high boiling point liquid hydrocarbon fractions of the product of the second reaction zone are sent to third and fourth reaction zones, respectively, to be contacted with hydrogen and a heterogeneous catalyst under respective heating conditions and WHSV of 0.1 to 1 h-1.","Iversen, Steen Bee.; Jensen, Klaus Uhlenholt; Rodriguez Guerrero, Julie Catherine",Stepper Energy ASP,2019-01-10
JP2010511922A,JP,2010-04-15,対象物を輸送する方法、輸送システム、及び輸送手段,"The invention relates to a method for transporting physical objects, wherein at least one physical object is transported from a sending station to a receiving station, wherein the transport occurs through at least one physical router, wherein the physical router executes a decision about further parameters of transport to another physical router or to the receiving station.  The method is carried out in that a central control computer receives information for handling and moving the physical objects and that the central control computer influences supplies for transport means and/or the transport means according to environmental data.","Martin, Wegner; Ulrich, Caith; Michael, Lomeier",Deutsche Post Age,2007-08-06
JP2014530321A,JP,2014-11-17,風力エネルギータービンシェルステーション,ＷＥＴＳＳ（風力エネルギータービンシェルステーション）は、超高層シェル状フレーム構造であり、高い高度で風の運動エネルギーを収集する複数の小型の風力タービンを支持し、電力さらには水素を生成し、燃料電池の需要に合致する電力を生成するために水素を保管する。ＷＥＴＳＳの典型的な幅に対する高さの比は４−１０、厚さ８−２５ｍ（地震地域によって異なる）である。風速６ｍ／秒（２１.６ｋｍ／ｈ）と仮定すると、典型的な高さが１０００−２０００ｍ、直径２００−５００ｍ、非定常電力の実容量が１８７ＭＷ−３．７５ＧＷ、電力需要に合致した５０ＭＷ−１ＧＷ。典型的なＷＥＴＳＳでは、現在の実用的な風力タービンで必要である平均的な土地の約１／５００が必要である。ＷＥＴＳＳは、典型的には標準及び高降伏鋼から成る。ＷＥＴＳＳは、シェル形状を有しており階数が少なく荷重が小さいため、同様の大きさである従来の鋼の建造物の約２％の重さであり、耐震及び耐風力設計が比較的簡易である。ＷＥＴＳＳは、風力エネルギーを地球上で最も安価なエネルギーにして、静かで鳥に安全で需要に合致したものにする。【選択図】 図２,ヘイサム，  ヤクブ; リマ，  ゴーセン,ヘイサム，  ヤクブＨＡＩＳＡＭ，Ｙａｋｏｕｂ,2012-10-09
JP2009535449A,JP,2009-10-01,バイオ燃料組成物およびバイオ燃料の製造方法,"An emulsified biofuel composition comprising: (A) a continuous phase comprising about 50-95 wt % of at least one liquid oil of vegetable or animal origin or mixtures thereof; (B) a water-containing dispersed phase comprising about 1-50 wt % water; (C) about 1-25 wt % of hydroxyl-containing organic compound selected from the group consisting of mono-, di-, tri- and polyhydric alcohols, provided that when a monohydric alcohol is used there is also present at least one of tert-butyl alcohol, at least one C2-C4 alkylene glycol or a mixture of both; (D) about 0.05-10 wt % of at least one emulsifier; wherein the dispersed water-containing droplets have an average particle size of less than about 20 microns. The biofuel is prepared from these components by mixing under high shear conditions, preferably with ultrasonic energy. The emulsifier(s) preferably exhibit a hydrophilic-lipophilic balance of about 8.5 to about 18 and the biofuel includes a cetane enhancer and mixture of an alcohol and mono- or poly-alkylene glycol.","Petrucci, Ferdinand; Festuccia, Andrea","New Generation Biofuels, Incorporated; PJ Bio Energy Holding Limited",2007-04-10
JP2022502316A,JP,2022-01-11,航空機原動機システム、運用および使用,本発明は、極低温推進源と燃焼推進源とを備え、極低温推進源および燃焼推進源は、航空機の推進力を発生させるために選択的および独立的に作動可能であるマルチソース航空機推進装置に関する。【選択図】図５,"Taylor, Simon",GK N Aerospace Services Limited,2019-10-15
JP4705732B2,JP,2011-06-22,航空機用ガスタービン・エンジンのサージ検出装置,,Yukinobu Sugitani,Honda motor industry stock company,2001-05-23
JP2018526270A,JP,2018-09-13,空中、水中、及び地形環境において安全な操作のために改良された安定性を備える汎用乗り物,汎用乗り物システムは、前方中央モジュール、後方モジュール、及び前方中央モジュールに変位可能に接続され且つそれぞれの推進機構に作動可能に結合されているスラストベクトル化モジュールを含んでいる、揚力体の空気力学的に実行可能な輪郭を形成するように構成された複数の相互接続されたモジュールからなる揚力体を備えて設計されている。スラストベクトル化モジュールは、空中、水中及び地形環境における様々な作動モード及びそれらの間での移行での安全かつ安定した作動のために、必要に応じて推進機構を導きかつ作動させるべく、揚力体に対する動的な変位（チルト及び/又は並進の方式）のために制御される。,Evandro Gurugelde Amaral Valente; Norman M. Wally; Eduardo Guergerdo Amaral Valente,"University of Maryland, College Park",2016-08-30
JP2015523061A,JP,2015-08-13,バイオマス材料を処理する方法およびシステム,本発明の態様は、バイオマス材料からの揮発性有機化合物及び高級炭化水素の生産及び回収を提供する。一態様は、バイオマス材料の固形成分を消化用溶媒と接触させて、消化済みバイオマスストリームを形成することを含み、消化済みバイオマスの少なくとも一部をさらに熱触媒処理して、高級炭化水素を生成する。固形成分は、無溶媒回収システムの区画に１種又はそれより多くの揮発性有機化合物を含有するバイオマス材料を導入すること；区画中でバイオマス材料を過熱蒸気ストリームと接触させ、バイオマス材料中の最初の液状内容物の少なくとも一部を蒸発させること；加熱したバイオマス材料から蒸気成分及び固形成分を分離すること；ガス成分の少なくとも一部を、過熱蒸気ストリームの一部として使用するために保持することを含む方法によって生成する。【選択図】 図１,"Hamilton, Philip Guy; Radoki, Corey William; Crytman, Keith Michael",SHELL INTERNATIONALE RESEARCH MAATSCHAPPIJ BESLOTEN VENNOOTSHAP,2013-05-16
JPH07505708A,JP,1995-06-22,【発明の名称】航空機の重量および重心表示器,"An onboard system for use in measuring, computing and displaying the gross weight and location/relocation of the center of gravity, for aircraft. Temperature and pressure transducers are mounted in relation to each of the landing gear struts. Transmit those temperature and pressure signals to an onboard microcomputer/controller with redundancy for accuracy and failure protection. The system also incorporates a software correction program, along with attached hardware, to correct and compensate for physical changes to strut components due to temperature fluctuations, seal drag and hysteresis within modern day ""shock absorbing"" aircraft landing gear struts. The computer makes adjustments for internal temperature changes and drag; converts sustained pressures to the weight supported by each strut, and computes the aircrafts current gross weight and center of gravity. The computer is also programmed to illuminate a ""Hard Landing Indicator Light"" mounted on the display, when pre-programmed individual strut pressure limits are exceeded and sensed during landing. These pressure readings are stored in the computer memory and can be utilized when the aircraft is inspected and serviced.",AB Industry Osaka salmon yukichu,AB Industry Osaka salmon yukichu,1993-02-03
JP2019512058A,JP,2019-05-09,冷却、加熱、パワー、圧力、ワーク及び水を組み合わせるための同極ＤＣ発電機付きテーパー形スパイラルガスタービン,ガス膨張機によってワーク抽出又は空気冷却を行うためのテーパー形指数スパイラル。このようなテーパー形指数スパイラルは、ガス圧縮機に用いられて空気の圧力と温度を増加してもよい。前記圧縮機−膨張機が単一で簡単な構造を形成し、製造に便利である。空気の断熱膨張についてのテーパー形指数スパイラルの温度降下の簡単な式を得た。空気の等温圧縮についての、空気が外から内へ圧縮されると圧力が増加することを得た。エネルギー変換にとって、スパイラルが有効であると証明した。ファラデー単極直流発電機の幾何形状と技術を変更することによってそれを改良した。電力変換効率と高圧電力生産の面で多くの作業が成される。同じ発電機構造は単極直流モータとして利用できる。電圧を制御することによって、モータ又は発電機の速度は制御される。電流を制御することによって、利用又は生成されるトルク力も制御される。単極発電機とモータは、容易にスパイラル圧縮機及び膨張機と一体に集積できる。これらの基本的な発明を利用する３つの用途が提出された。まずはフォーカスされる太陽エネルギー又はガス燃料の燃焼により動力を供給する熱力タービンである。次は電力により動力を供給して水の冷却、クーリングと加熱に用いられるヒートポンプである。第３は太陽エネルギーの動力によって水を脱塩する方法であり、太陽を追跡するテーパー形反射表面によって、太陽光を塩水柱に集め、太陽エネルギー光起電力による動力を利用してスパイラル圧縮機に動力を提供して低圧蒸気を冷却する。Ｆｉｒｅｆｌｙ技術によって小規模、現地的で且つ簡単な多種のエネルギー生産を提供し、必要な場合、太陽エネルギーの動力を人にフィードバックする。【選択図】なし,"Joseph Wai, Huy",MONARCH POWER TECHNOLOGY(HK)LTD.,2016-11-11
JP2013520615A,JP,2013-06-06,パッケージ化推進薬空気誘導可変推力ロケット・エンジン,"This invention is a packaged propellant air-induced variable thrust rocket engine that has a vast number of uses and applications for this invention. The primary purpose of the device described here is to provide a light weight, torque and vibration free thrust generator for the propulsion of aircraft. This device will facilitate the fabrication of very light weight aircraft because of the lack these forces. This device can also be used anywhere high velocity air flow and or the resulting thrust is needed. The invention uses aerodynamic principles to compress and accelerate the incoming air, prior to it being heated and accelerated by a short duration burst of thermal and kinetic energy from discrete packets of a mixture of oxidizable fuels. The heated and accelerated air then expands as it travels thru the device providing thrust.","Manson, David, Murray, Junior; Collier, Nicholas","Innovative Defense, LRC",2011-02-23
JP2021507451A,JP,2021-02-22,共通入口プレナム及び共通出口プレナムを有する積重ね可能な燃料電池発電機構成,電力モジュール・システムは、複数の垂直に積み重ねられた電力モジュールを備える。この複数の垂直に積み重ねられた電力モジュールは、少なくとも２つの垂直スタックを備える。共有排出プレナムは、電力モジュールの少なくとも２つの垂直スタックの間に配置される。,"Ballantyne, Earn; Mahler, Jessica; Parker, Ross; Richards, Gilbert; Sharp, Barry; Dan, scene; Lara, Santi; Otool, John; Trevisan, David; Kotturi, Karl; Weingertner, David; Vines, Daniel",Bloom Energy Corporation,2018-12-14
JP2021518474A,JP,2021-08-02,シリコーンポリマー,式（１）Ｍ１ａＭ２ｂＭ３ｃＤ１ｄＤ２ｅＤ３ｆＴ１ｇＴ２ｈＴ３ｉＱｊここでＭ１＝Ｒ１Ｒ２Ｒ３ＳｉＯ１／２Ｍ２＝Ｒ４Ｒ５Ｒ６ＳｉＯ１／２Ｍ３＝Ｒ７Ｒ８Ｒ９ＳｉＯ１／２Ｄ１＝Ｒ１０Ｒ１１ＳｉＯ２／２Ｄ２＝Ｒ１２Ｒ１３ＳｉＯ２／２Ｄ３＝Ｒ１４Ｒ１５ＳｉＯ２／２Ｔ１＝Ｒ１６ＳｉＯ３／２Ｔ２＝Ｒ１７ＳｉＯ３／２Ｔ３＝Ｒ１８ＳｉＯ３／２Ｑ＝ＳｉＯ４／２ここでＲ１、Ｒ２、Ｒ３、Ｒ５、Ｒ６、Ｒ８、Ｒ９、Ｒ１０、Ｒ１１、Ｒ１３、Ｒ１５、Ｒ１６は、水素、Ｃ１−Ｃ６０脂肪族または芳香族基、またはＣ１−Ｃ６０アルコキシ基から独立して選択され、Ｒ４、Ｒ１２、Ｒ１７は、Ｃ１−Ｃ６０アルキル、Ｃ１−Ｃ６０アルコキシ、またはＲ１９−Ａ−Ｒ２０−から独立して選択され、ここでＡは、芳香族基、縮合芳香族基、不飽和脂環式基、不飽和複素環式基、またはそれらの２つ以上の組み合わせから選択される不飽和環状部分を含む基から選択され、Ｒ１９は、−Ｈ、Ｃ１−Ｃ６０アルキル、アリル、ビニル、アルコキシ、アリルオキシ、ビニルオキシ、アクリレート、またはメタクリレートから選択され、そしてＲ２０は二価の有機基から選択され、Ｒ７、Ｒ１４、Ｒ１８は、水素またはＯＲ２２、または不飽和一価ラジカル、または酸素、窒素、硫黄などのヘテロ原子を含むラジカル、またはオルガノシラン基を含むラジカルから独立して選択され、そして下付き文字ａ、ｂ、ｃ、ｄ、ｅ、ｆ、ｇ、ｈ、ｉ、ｊはゼロまたは正であって、以下の条件：２≦ａ＋ｂ＋ｃ＋ｄ＋ｅ＋ｆ＋ｇ＋ｈ＋ｉ＋ｊ≦１０００、ｂ＋ｅ＋ｈ＞０およびｃ＋ｆ＋ｉ≧０を受ける、のシリコーンポリマーが提供される。【選択図】なし,"Upkuttan, Vine Krishnan; Datta, Pranabesh; Nike, sandeep; Sachsena, Anouve Have",Momentive Performance Materials Inc.,2019-03-14
JP2003512254A,JP,2003-04-02,【発明の名称】ロケットの第1段の再使用型ブースタ,"A booster comprises a body including tanks for an oxidizer and fuel, a nose compartment with a dome, a between-tank section and an afterbody, a rocket engine installation, an all-moving wing with a unit for turning it and fixing in a position along the axis of the booster during the ascension step and in a position turned by 90 DEG during the return flight, horizontal and vertical fin assemblies, a triple-point support landing gear, aerodynamic control organs and units for jointing to the second stage of the launch vehicle. The booster is provided with an air-feed jet engine installation, comprising two engines with air intakes mounted in the nose compartment, and with gas-line extensions with exhaust nozzles extending beyond the bypasses of the external contours of the nose compartment, and a propellant system with propellant tanks in the wing, working and balancing tanks in the nose compartment. A wing is mounted on the upper surface of the booster body in the area of the between-tank section. Horizontal and vertical fins are mounted on the afterbody and are made respectively in the form of a stabilizer consisting of two all-moving consoles with a small negative V-shaped angle, and a fin with a yaw rudder. The dome of the nose compartment is made in the form of a portion of a sphere and has two inlet apertures for the aforesaid air intakes, closed by one turning plug. 6 dependent claims, 11 drawings. ","Kiselev, Anatoly Ivanovich; Medwedev, Alexander Aleksevic; Trufanov, Yuri Nikolaevich; Razoogin, Igor Sergevich; Kuznetsov, Yury Leonidovich; Pankevic, Alexandre Alexandrovich; Navoschikov, Gennadi Fedorovich; Ushakov, Vladimir Mikhailovich","Federal Noe Gosdarst Benoe Unita Noe Predpryaty ""Gosdarst Benny Kosmicjesky Naukno-Proise Bodst Bennie Zentle im M Buoy Krunicheva""",2000-10-13
JP6830322B2,JP,2021-02-17,発火クエンチシステム、装置および方法,"Ignition-quenching systems (100) include an ignition-risk structure (140) that extends from a support structure (150) into a combustible environment (160) and include a porous ignition-quenching cover (110) that substantially covers the ignition-risk structure. The ignition-quenching cover is configured to quench an ignition event triggered by an ignition source associated with the ignition-risk structure. Ignition-quenching covers generally include a porous body (120). The porous body may include one or more porous elements (130). Methods (400) according to the present disclosure include installing (410) a porous ignition-quenching cover over an ignition-risk structure to prevent bulk combustion, e.g., of a fuel vapor in a fuel tank, due to an ignition event associated with the ignition-risk structure.",Jason Scott Damazo; Eddie Kwon; Arthur sea day; John Lebrett Lowell,The Boeing Company,2016-04-19
JPH05502080A,JP,1993-04-15,【発明の名称】一体パワーユニツト,"The invention relates to secondary power system apparatus and method for use aboard aircraft in place of conventional auxiliary power units (APU's) and emergency power units (EPU's). The invention integrated power unit (IPU) performs the function of both an APU and an EPU, while avoiding the use of hazardous monofuels. The IPU includes a turbine engine operable on pressurized ambient air, or on pressurized stored air, along with jet engine fuel. The structure of a combustion chamber for the engine which is able to use pressurized air from two separate sources; of a control able to selectively operate the engine as an EPU, as and APU, and to effect operating transition from EPU to APU; and of a complete secondary power system with the IPU are all disclosed.","Klaas, Rainhard M.; Minshiyaru, Bad Jei.; Suriano, Francis Jei.; William, William",Allied Signal Incorporated,1990-09-20
JP2011518280A,JP,2011-06-23,新規な往復動機械およびその他の装置,"The disclosure relates to reciprocating fluid working devices including internal combustion engines, compressors and pumps. A number of arrangements for pistons and cylinders of unconventional configuration are described, mostly intended for use in IC engines operating without cooling. Included are toroidal combustion or working chambers, some with fluid flow through the core of the toroid, a single piston reciprocating between a pair of working chambers, tensile valve actuation, tensile links between piston and crankshaft, energy absorbing piston-crank links, crankshafts supported on gas bearings, cylinders rotating in housings, injectors having components which reciprocate or rotate during fuel delivery. In some embodiments pistons mare rotate while reciprocating. High temperature exhaust emissions systems are described, including those containing filamentary material, as are procedures for reducing emissions during cold start by means of valves at reaction volume exit. Also disclosed are improved vehicles, aircraft, marine craft, transmissions and exhaust emission systems suited to the engines of the invention.","Hindarks, Mitoja, Victor","Hindarks, Mitoja, Victor",2008-04-16
JP7064055B2,JP,2022-05-09,再生可能な生成物を製造するためのプロセス,"The present disclosure relates to methods for producing renewable base oil and other valuable renewable fuel components from a feedstock of biological origin comprising free fatty acids and glycerides. The feedstock is first separated to two or more effluent streams containing a fatty acid fraction and glyceride fraction. The glycerides are hydrolyzed to free fatty acids and glycerol, and the fatty acids thus obtained are recycled to the separating. The fatty acids are then converted to the base oil by ketonisation, hydrodeoxygenation and hydroisomerisation. The glycerol is converted to propanols by selective hydrogenolysis.","Mulloya, Yucca; Kanervo, Yana; McConnen, Jana; Titta, Maruya",Neste Osake Yukitua Yurukinen,2019-12-20
JP2008532570A,JP,2008-08-21,火災抑制システム,"Reactive fire suppression transport agents may be used to release catalytic fire suppression agents, in reaction zones, which may then be transported by naturally occurring flows paths downstream to the vicinity of flame holding regions for fire suppression for example, in aircraft. The reactive fire suppression agents may also be delivered in projectiles and/or by propulsion of the fire suppression agents, for example, by pressurization.","Harland, Peter; Harness for ken",Eclipse Aviation Corporation,2006-01-12
JP5389359B2,JP,2014-01-15,火災抑制システム,"Reactive fire suppression transport agents may be used to release catalytic fire suppression agents, in reaction zones, which may then be transported by naturally occurring flows paths downstream to the vicinity of flame holding regions for fire suppression for example, in aircraft. The reactive fire suppression agents may also be delivered in projectiles and/or by propulsion of the fire suppression agents, for example, by pressurization.","Harland, Peter; Harness for ken","Eclipse Aerospace, Inc.",2006-01-12
JP2020533461A,JP,2020-11-19,オキシメチレンエーテル含有媒体と接触して使用するためのコポリマー加硫物,本発明は、（ハロゲン化）コポリマー加硫物、及びオキシメチレンエーテルを含有する液体媒体と接触しているデバイス、例えば、シール、タンクライニング、Ｏ−リング、又はホースにおけるその使用に関する。,Susanna Lieber; Kevin Kurbaba,Alan Seo Deutschland Gaembehr; Alan Theo Canada Inc.,2018-09-10
JP2023554048A,JP,2023-12-26,モノテルペンエステルの発酵生産のための酵素及び方法,本発明は、好ましくは３６時間、２４時間、１８時間、１２時間、６時間、３時間、２時間、１時間、４５分又は３０分以内に、より好ましくは微生物細胞において、三級モノテルペンアルコールをエステル化して、少なくとも３０質量％の前記三級モノテルペンアルコールがエステル化されるようにすることが可能なアルコールアシルトランスフェラーゼに関する。本発明はさらに、本発明のアルコールアシルトランスフェラーゼをコードする核酸配列又はその相補的配列を含む核酸及び本発明の核酸を含むベクター又は遺伝子コンストラクトに関する。本発明により、本発明のベクター又は遺伝子コンストラクトを含む宿主細胞及び本発明の核酸を含むトランスジェニック非ヒト生物、本発明のベクター若しくは遺伝子コンストラクト又は本発明の宿主細胞がさらに提供される。本発明は、モノテルペンエステルを調製するための方法にも関し、この方法は、本発明のアルコールアシルトランスフェラーゼの存在下でモノテルペンアルコールをモノテルペンエステルへとエステル化することを含む。具体的には、これは、本発明のアルコールアシルトランスフェラーゼの存在下でリナロールを酢酸リナリルへとエステル化することを含む、酢酸リナリルを調製するための方法を提供する。本発明はさらに、（ｉ）テルペン生合成経路の異種再構成のための；（ｉｉ）工業製品、好ましくは香味料又は香料、バイオ燃料、燃料組成物、燃料化合物、例えばディーゼル燃料組成物のための発泡剤、駆除剤、昆虫忌避剤又は抗菌剤を生産するための；（ｉＩＩ）モノテルペンアルコールから、好ましくは三級モノテルペンアルコールから脂肪族及び／又は芳香族モノテルペンエステルを生成させるための；（ｉｖ）微生物においてモノテルペンアルコールを解毒し、それにより前記微生物でのモノテルペン産生を増加させるための；（ｖ）ＧＰＰシンターゼ及び／又はＳ－又はＲ－リナロールシンターゼと組み合わせた；（ｖｉ）モノテルペンアルコールと比較した場合、疎水性酢酸分配が有機相により容易に行くことにおいてアセチル化の有益な効果を向上させるための；（ｖｉｉ）酢酸モノテルペンとモノテルペンアルコールとの比が５：１若しくは１０：１より大きくなるように本発明のアルコールアシルトランスフェラーゼを発現させるための又は（ｖｉｉｉ）モノテルペンエステルのための微生物産生系における、本発明のアルコールアシルトランスフェラーゼ、本発明の核酸、本発明のベクター若しくは遺伝子コンストラクト、本発明の宿主細胞又は本発明のトランスジェニック非ヒト生物の使用に関する。本発明はまた、本発明のアルコールアシルトランスフェラーゼ、本発明の核酸、本発明のベクター若しくは遺伝子コンストラクト、本発明の宿主細胞又は本発明のトランスジェニック非ヒト生物及び任意選択的に少なくとも１つのモノテルペンアルコール、好ましくは三級モノテルペンアルコールを含むキットも提供する。最終的に、本発明は、燃料及び／又はバイオ潤滑剤化合物の作製のための方法に関し、この方法は、ａ）本発明の方法の何れか１つにより１つ以上のモノテルペンエステルを作製し；ｂ）任意選択的に、段階ａ）で作製される１つ以上のモノテルペンエステルを精製し；及びｃ）段階ａ）の１つ以上のモノテルペンエステル又は段階ｂ）の精製された１つ以上のモノテルペンエステルの一部又は全てを、好ましくは：テトラヒドロリナロール；２，６－ジメチルオクタン（ＤＭＯ）；飽和Ｃ２０炭化水素二量体；飽和Ｃ３０炭化水素三量体；水素付加メチルシクロペンタジエン二量体；発射体推進に適切な飽和高密度多環式炭化水素化合物；及びバイオ潤滑剤添加物を生産するのに適切な水素付加Ｃ４０＋オリゴマーからなる群から選択される１つ以上の燃料及び／又はバイオ潤滑剤化合物に変換し；ｄ）任意選択的に１つ以上の燃料又はバイオ潤滑剤化合物を燃料及び／又はバイオ潤滑剤に適切なさらなる化合物と組み合わせる段階を含み；この燃料及び／又はバイオ潤滑剤組成物は、合計で、０．０１％（ｗ／ｗ）～９９．９９％（ｗ／ｗ）の燃料又はバイオ潤滑剤化合物が本発明の方法の１つにより得ることが可能な１つ以上のモノテルペンエステルから生産される。【選択図】なし,"Beek Wilder, Martinus Julius; Stiles, Matthew Quinn; Foss, Aurin, Minnelt; hesselinck, samara; Bosch, Hendrik Yang",Isobionics B.F.,2021-12-17
JP5628980B2,JP,2014-11-19,火災抑制システム,"Reactive fire suppression transport agents may be used to release catalytic fire suppression agents, in reaction zones, which may then be transported by naturally occurring flows paths downstream to the vicinity of flame holding regions for fire suppression for example, in aircraft. The reactive fire suppression agents may also be delivered in projectiles and/or by propulsion of the fire suppression agents, for example, by pressurization.",ハーランド，ピーター; ハーネス，ケン,エクリプス  エアロスペース，インコーポレイテッド,2013-08-07
JP4670035B2,JP,2011-04-13,ガスタービン燃焼器,,Shigeru Hayashi,Japan Aerospace Exploration Agency,2004-06-25
JP2023532017A,JP,2023-07-26,監視システム,例えば民間航空または軍用航空の飛行機またはヘリコプター、定期便またはチャーター便の旅客機、特に超高速機も含めた航空機または飛行装置の飛行員（９９）、例えば飛行機操縦士、航空機操縦士、パイロット、副パイロットまたは乗客などのための監視システム（１００）が記載される。センサ系（６０）を用いて、ガス濃度の計測学的検出が行われる。,Henning Geder; Christoph Oosterloh,Drager Safety Aktien Gesellschaft und Kompanie Command Gesellschaft Auf Aktien,2021-06-10
JP6779888B2,JP,2020-11-04,徐放性マイクロカプセル,"A method of forming microcapsules having improved physical properties and release control as well as the microcapsules formed by the process wherein the capsule wall is formed by the concurrent polymerization of monomers, oligomer and/or prepolymers on the inside of the capsule wall and different monomers, oligomers and/or prepolymers on the exterior of the capsule wall as it forms.","Fen, Lin Shen; Todd, Erlin, Schwantes; Robert, Stanley, Bobnock; Yang, Nianshi",THE PROCTER & GAMBLE COMPANY,2015-10-16
JP2017537787A,JP,2017-12-21,徐放性マイクロカプセル,改良された物理特性および放出制御ならびに、カプセル壁が形成するとき、該カプセル壁内側上のモノマー、オリゴマーおよび／またはプレポリマーと、該カプセル外側上のモノマー、オリゴマーおよび／またはプレポリマーとを同時重合によりカプセル壁を形成する方法により製造したマイクロカプセルを有するマイクロカプセルの製造方法。,"Fen, Lin Shen; Todd, Erlin, Schwantes; Robert, Stanley, Bobnock; Yang, Nianshi","ENCAPSYS, LLC",2015-10-16
JPH05502081A,JP,1993-04-15,【発明の名称】一体パワーユニツト燃焼装置及び方法,"The invention relates to secondary power system apparatus and method for use aboard aircraft in place of conventional auxiliary power units (APU's) and emergency power units (EPU's). The invention integrated power unit (IPU) performs the function of both an APU and an EPU, while avoiding the use of hazardous monofuels. The IPU includes a turbine engine operable on pressurized ambient air, or on pressurized stored air, along with jet engine fuel. The structure of a combustion chamber for the engine which is able to use pressurized air from two separate sources; of a control able to selectively operate the engine as an EPU, as an APU, and to effect operating transition from EPU to APU; and of a complete secondary power system with the IPU are all disclosed.","Klaas, Rainhard M.; Minshiyaru, Bad Jei.; Suriano, Francis Jei.; William, William",Allied Signal Incorporated,1990-09-20
JP6526817B2,JP,2019-06-05,徐放性二重壁マイクロカプセル,A method of forming dual melamine/acrylic walled microcapsules having improved physical properties and release control as well as the microcapsules formed by the process wherein the capsule wall is formed by the use of select (meth)acrylate monomers and/or oligomers and/or select self-condensing melamine resins.,"Fen, Lin Shen; Robert, Stanley, Bobnock","ENCAPSYS, LLC",2015-10-16
JP2018501102A,JP,2018-01-18,徐放性二重壁マイクロカプセル,改良された物理特性および放出制御を有する二重メラミン／アクリル壁マイクロカプセルの製造方法ならびに選択された（メタ）アクリレートモノマーおよび／またはオリゴマーおよび／または選択された自己縮合メラミン樹脂の使用によりカプセル壁を形成する方法により製造されたマイクロカプセル。,"Fen, Lin Shen; Robert, Stanley, Bobnock","ENCAPSYS, LLC",2015-10-16
JP4657800B2,JP,2011-03-23,航空機用ガスタービン・エンジンの制御装置,"In a gas turbine aeroengine control system, in Ch-A (first control channel), a first CPU monitors the operation of a second CPU and the second CPU monitors the operation of the first CPU; in Ch-B (second control channel), third and fourth CPUs similarly monitor each other, and when the operation of at least one of the first and second CPUs in Ch-A is found not to be normal, the output sent to an FCU (fuel control unit) is switched from the output of one or the other of the first and second CPUs of Ch-A to the output of one or the other of the third and fourth CPUs of Ch-B, thereby achieving improved CPU failure detection and realizing high redundancy and high reliability.",Muramatsu Hironori; Yuichi Hattori; Makoto Tezuka,Honda motor industry stock company,2005-05-16
JP2023544084A,JP,2023-10-20,イオン性単元推進剤を用いて低圧で点火する高温ガス発生装置,推進剤を反応させる高温ガス発生装置が、燃焼室と、燃焼室の上流に構成され燃焼室側で推進剤に対して閉鎖できる少なくとも１つのインジェクタと、上記インジェクタに組み込まれた電極（５、６）と、推進剤の少なくとも１つの供給ラインとを含む。この背景で、推進剤は、単元推進剤であり、かつ蒸気圧が低い実質的に無水のイオン性製溶液であり、好ましくは残留含水量が５質量％未満で、所与の燃焼室圧力での自立燃焼が可能であり、電極（５、６）は、少なくとも２つの反対極性の電極を有し、電極は、この推進剤が反対極性の電極間を通過するときに、推進剤を通る電流によって推進剤を電気で点火するのに適している。【選択図】図５,Nobbe Saverio,Laborvital GmbH; Nobbe Saverio,2021-08-24
JP7259055B2,JP,2023-04-17,航空機の飛行中燃料補給のための方法およびステム,"A method of operating a supply aircraft for in-flight recharging comprises: transmitting a deploy command signal from a communication unit of the supply aircraft to a communication unit of a receiver aircraft, to cause a line and drogue to deploy from the receiver aircraft; controlling at least one of the supply aircraft and the drogue to engage the drogue with a first end of an electrical cable of the supply aircraft, a second end of the electrical cable being connected to the supply aircraft; and transmitting a return command signal from the communication unit of the supply aircraft to the communication unit of the receiver aircraft, to cause the line and drogue to return to the receiver aircraft with the first end of the electrical cable. The supply aircraft is located behind the receiver aircraft and the deploy command signal is for causing the line and drogue to deploy rearwardly of the receiver aircraft.",James Pitman,Brulic Limited,2019-06-06
JP2008538588A,JP,2008-10-30,機能的流体のための添加物ゲルの制御放出,"In accordance with the present invention, it has been discovered that additive gels can provide additives to a functional fluid over time. In accordance with the present invention it has been discovered that an additive gel comprising i.) at least two additives selected from the group comprising detergents, dispersants, acids, bases, over based detergent, succinated polyolefins or mixtures thereof wherein the selected additives when combined form a gel; ii.) optionally at least one additive comprising viscosity modifier(s), friction modifier(s), detergent(s), cloud point depressant(s), pour point depressant(s), demulsifier(s), flow improver(s), anti static agent(s), dispersant(s), antioxidant(s), antifoam(s), corrosion/rust inhibitor(s), extreme pressure/antiwear agent(s), seal swell agent(s), lubricity aid(s), antimisting agent(s), and mixtures thereof; resulting in a controlled release gel that over time releases at least one desired additive into a functional fluid when the gel is contacted with the functional fluid.","George, Herman F.; Burlington, James Dee.; Pudderski, John Kay.; Roski, James P.; Martin, John Earl.; Ineman, Jennifer M.; Garvin, Gary A.; Van Riel, Frank M.; McKay, David A.",THE LUBRIZOL CORPORATION,2006-01-27
JP2017527091A,JP,2017-09-14,電気出力発生システム及び同方法,（ｉ）ハイドリノを形成するため原子水素の触媒作用のための少なくとも１つの反応セル、（ｉｉ）Ｈ２Ｏ触媒又はＨ２Ｏ触媒の源；原子水素又は原子水素の源；Ｈ２Ｏ触媒又はＨ２Ｏ触媒の源及び原子水素又は原子水素の源を形成する反応物；原子水素の触媒作用を開始させる１以上の反応物；及び、燃料が高く導電性となるようにする材料；から選択される少なくとも２つの成分を含む化学感触混合物、（ｉｉｉ）レールガン・ショット噴射装置のような燃料噴射システム、（ｉｖ）明るい光を発するプラズマからハイドリノを形成することによるエネルギーゲイン及びハイドリノ反応の高反応速度を開始させる低電圧、高電流電気エネルギーの反復のショートバーストを提供する電気的パワー源及び燃料を閉じ込める少なくとも１セットの電極、（ｖ）重力回収システム及び拡張プラズマレールガン回収システムの少なくとも１つのような生成物回収システム、（ｖｉ）溶鉱炉、水素の源及びＨ２Ｏの源、燃料ペレット又はショットを形成するドリッパー及びウォーターバス、及び噴射装置内にショットを供給する攪拌機を含む燃料ペレタイザー又はショットメーカー、（ｖｉｉ）複数の紫外線（ＵＶ）フォトエレクトリックセル及び複数の光起電力セル及びＵＶウィンドウを含む集光型太陽熱発電装置のようなセルの高いパワー光出力を電気に変えることのできるパワーコンバーター、 を含む電気及び熱パワーの少なくとも１つを供給する固体又は液体燃料−プラズマ—電気パワー源。,"Mills, Randell El.",Brilliant Light Power Incorporated,2015-05-29
JP2009536730A,JP,2009-10-15,制御された核融合のプロセス,"The invention comprises a process of controlled nuclear fusion of deuterium atoms carried out in a combustion chamber, after the combustion of a gaseous fuel which comprises deuterium atoms in the presence of an oxidation gas and a gaseous catalyst, under a positive pressure. The invention also comprises a reactor for controlled nuclear fusion to carry out the disclosed process, thus as the internal-combustion engine which comprises the reactor for controlled nuclear fusion and a vehicle which comprises said internal-combustion engine.",Jose Ignacio Garind Cavello; Jose Alvarez Lopez,ALSET TECHNOLOGY LLC,2007-05-11
JP2014507511A,JP,2014-03-27,ハイドロプロセシングのための化学組成を有する天然油の輸送燃料への誘導および変換,"Methods, apparatus, and/or feedstock suitable for use in biofuels production, as well as biofuel compositions. A method of producing a biofuel includes hydroprocessing glycerides derived from an oleaginous microorganism and composed of at least 10% by weight of fatty acid chains of length C16 or lower, and producing a biofuel having a cold-flow pour point of about 20° Celsius or lower.","Borden, Jacob; Shabaker, john w","BP Corporation North America, Inc.",2011-12-12
JPH05501095A,JP,1993-03-04,【発明の名称】ターボクラフト,"An aircraft having a substantially circular body having a profile in the direction of flight as a profile of an airplane wing, at least two concentric counter-rotating turbo-blade assemblies within said body for effecting a vertical lifting air stream through said assemblies. Power generating devices and devices for coupling the power generating devices to the turbo-blade assemblies for maintaining them in rotary motion. It also includes thrusting devices coupled to the power generating devices for applying horizontal thrust to the aircraft, retro-boosting devices including a plurality of combustion chambers located below the turbo-blade assemblies for boosting said vertical lifting airstream. Also included is a compressed air plenum disposed below said turbo-blade assemblies in fluid communication with the combustion chambers and to the intake portion of the power generating means for supplying oxygen for sustaining combustion in said combustion chambers and for sustaining power in said power generating means, including upper vanes disposed above said turbo-blade assemblies for ingesting air, and lower vanes disposed below said compressed air plenum for exhausting air, and respective upper and lower vane control means.","Valvard, Rene El.","Valvard, Rene El.",1991-04-03
JP2021518468A,JP,2021-08-02,シリコーンポリマー,シロキサンポリマー主鎖を有するポリマーおよびそれを含む組成物が提供される。ポリマーは、シロキサンポリマー主鎖内に環状不飽和基（Ｚ３）を含む。ポリマーは良好な熱伝導率を示すことが見出されており、さまざまな用途での有用性が見出され得る。【選択図】なし,"Datta, Pranabesh; Upkuttan, Vine Krishnan; Nike, sandeep; Sachsena, Anouve Have",Momentive Performance Materials Inc.,2019-03-14
JP2017500293A,JP,2017-01-05,オレフィンの二量化および／またはオリゴマー化のための非担持ヘテロポリ酸金属塩触媒,本発明は、混合ブテン原料からブテン二量体および／またはオリゴマーを生成するのに有用な非担持金属（例えばセシウム）置換ヘテロポリ酸触媒組成物に関し、該生成では、温和な条件下で、すべての混合ブテンの異性体が、オクタン価向上剤として有用な高度に分岐したC8およびC8+オレフィンを生成する。,"Sun; Shu, Way",Saudi Arabian Oil Company,2014-11-18
JP2024007302A,JP,2024-01-18,環境保全と経済性を両立させる低エントロピー・エンジン,【課題】コアの排気ノズルを可変機構とし、離陸定格で可変コアノズル（ＶＣＮ）を広げて、推力を落さずタービン入口温度（ＴＩＴ）を下げる。巡航時にファン回転数を下げずに燃料流量を減らして推力を制御し、燃料消費率（ＳＦＣ）を低減する。【解決手段】ファン回転数が最大の離陸定格を空力設計点（ＡＤＰ）とし、高圧タービン（ＨＰＴ）、低圧タービン（ＬＰＴ）、ＶＣＮのノズルをＡＤＰでチョークさせ、ＶＣＮを開いたとき高圧軸回転数を高めずに低圧軸回転数を高めることを可能とし、亜音速機用ターボファン・エンジンのための新たな「ＴＩＴと流量と推力」の関係を生み出して、上記課題を解決する。【効果】低エントロピー・サイクルによって熱効率を高め、ＳＦＣを低減してＣＯ２排出量を削減、低いＴＩＴによってＮＯＸの排出量を低減し、タービン寿命を伸ばして、経済性と環境適合性の両立を果たす。【選択図】図１,Isamu Nemoto,Isamu Nemoto,2022-07-05
JP2022508447A,JP,2022-01-19,再生可能な生成物を製造するためのプロセス,本発明は、遊離脂肪酸およびグリセリドを含む生物学的起源のフィードストックから再生可能なベースオイルおよび他の価値の高い再生可能な燃料成分を製造するための方法に関する。フィードストックは、最初に脂肪酸留分およびグリセリド留分を含む２つまたはそれ以上の流出流に分離される。グリセリドは、遊離脂肪酸およびグリセロールに加水分解され、そして、得られた脂肪酸は、分離工程へとリサイクルされる、脂肪酸はその後、ケトン化、水素化脱酸素化、および水素異性化によってベースオイルに変換される。グリセロールは、選択的な水素化分解によってプロパノールに変換される。,"Mulloya, Yucca; Kanervo, Yana; McConnen, Jana; Titta, Maruya",Neste Osake Yukitua Yurukinen,2019-12-20
JP7304350B2,JP,2023-07-06,共通入口プレナム及び共通出口プレナムを有する積重ね可能な燃料電池発電機構成,A power module system includes a plurality of vertically stacked power modules. The plurality of vertically stacked power modules include at least two vertical stacks. A shared exhaust plenum is located between the at least two vertical stacks of power modules.,"Ballantyne, Earn; Mahler, Jessica; Parker, Ross; Richards, Gilbert; Sharp, Barry; Dan, scene; Lara, Santi; Otool, John; Trevisan, David; Kotturi, Karl; Weingertner, David; Vines, Daniel",Bloom Energy Corporation,2018-12-14
JP2019507270A,JP,2019-03-14,エアタービンスタータ、およびその始動方法,エアタービンスタータ（ＡＴＳ）組立体は、燃焼エンジン（１０）に結合された回転式ピニオンギア（７２）と、回転式ピニオンギア（７２）の回転速度（３０２）を測定する速度センサ（７８）と、ピニオンギア（７２）が受けるトルクを示すトルク出力（３０４）を供給するトルクセンサ（７９）と、ＡＴＳアセンブリに対する始動シーケンスを動作させるように構成され、それによってトルク出力（３０４）を始動シーケンス閾値（３１０）未満に維持しつつ、回転速度（３０２）を制御可能に上昇させるように構成されたコントローラモジュールを備える。【選択図】図５,"Redesma redesma, sole; Blanco Avils, Reuben",GE Aviation Systems LLC,2016-01-20
JPH05500548A,JP,1993-02-04,【発明の名称】一体パワーユニツト制御装置及び方法,"The invention relates to secondary power system apparatus and method for use aboard aircraft in place of conventional auxiliary power units (APU's) and emergency power units (EPU's). The invention integrated power unit (IPU) performs the function of both on APU and an EPU, while avoiding the use of hazardous monofuels. The IPU includes a turbine engine operable on pressurized ambient air, or on pressurized stored air, along with jet engine fuel. The structure of a combustion chamber for the engine which is able to use pressurized air from two separate sources; of a control able to selectively operate the engine as an EPU, as an APU, and to effect operating transition from EPU to APU; and of a complete secondary power system with the IPU are all disclosed.","Klaas, Rainhard M.; Minshiyaru, Bad Jei.; Suriano, Francis Jei.; William, William",Allied Signal Incorporated,1990-09-20
JP2021501231A,JP,2021-01-14,バイオマスの加工方法,バイオマスを加工するための技術が本明細書において開示される。ASTM 6866-18によって決定される場合、100%の生物起源炭素含有量を有するセルロース系エタノールを調製する方法は、粉砕トウモロコシ穂軸を電子ビーム照射で処理する工程、および照射を受けた粉砕トウモロコシ穂軸を糖化して糖を生産する工程を包含する。該方法は、微生物を用いて糖を発酵させる工程も包含する。加えて、約25%の芳香族炭化水素、約2.5%のアルケン、約41%のアルカン、および約8.5%の酸素化化合物（wt./wt.）を含む、セルロース系バイオマス由来のジェット燃料が開示される。,Medoff marshall,Xyreco Incorporated,2018-10-26
JP3007873B2,JP,2000-02-07,【発明の名称】吸気バルブ堆積物を極小化するための添加物、及びそれらの使用,"New, highly effective detergent/dispersants for use in spark ignition fuels are described. They are Mannich condensation products formed from (i) one mole part of at least one substituted hydroxyaromatic compound having on the ring both (a) an aliphatic hydrocarbyl substituent derived from a polyolefin having a number average molecular weight in the range of about 500 to about 3000, and (b) a C1-4 alkyl; (ii) from 0.8 to 1.5 mole part(s) of aliphatic polyamine having one and only one primary or secondary amino group in the molecule capable of participating in the Mannich condensation reaction; and (iii) from 0.8 to 1.3 mole part(s) of aldehyde, provided that the mole ratio of aldehyde to amine is 1.2:1 or less. Carrier fluids such as poly(oxyalkylene) compounds further enhance the effectiveness of these Mannich condensation products in minimizing or reducing intake valve deposits and/or intake valve sticking.",Dennis Jay Malfuar; William Jay Corsi; Randall M Franklin,ETHYL CORPORATION,1998-04-09
JP2008520877A,JP,2008-06-19,風エアエンジン、即ち燃料エネルギーの代わりに風力気圧が利用されるエンジン,"A wind-air engine namely an engine using wind and air pressure as energy to replace fuel is provided; The wind-air engine relates to an engine installed in large, medium or small size cargo or passenger vehicles having steering wheels, railway trains, subway trains moving on land, marine travel vehicle, aero space travel vehicle and all other motor vehicles that move at a speed; The wind-air engine includes a main body of the wind-air engine, a controller for HPCA automatic intermittent burst jet acceleration of the wind-air engine, and a deceleration and brake pressurizing device of a motor vehicle equipped with the wind-air engine; The wind-air engine is not restricted by natural weather, ambient or wind conditions, and uses HPCA stored therein to be started and accelerated to generate power output, the power drives the motor vehicle equipped with the wind-air engine moves at a speed and the wind force and wind resistance airflow encountered are transformed into mechanical kinetic energy; Then the mechanical kinetic energy and inertia when the motor vehicle equipped with the wind-air engine moves at a speed are output, so as to regenerate HPCA and convert it into mechanical power; The advantage lies in the feature of recycling the wind force and wind resistance kinetic power encountered when the engine runs at a speed and the regeneration HPCA, and converting them into mechanical kinetic power;","CONG,Yang","CONG,Yang",2005-11-14
JP5154568B2,JP,2013-02-27,フラッシュバックバリアを備えた火花一体型推進薬噴射器ヘッド,"High performance propellants flow through specialized mechanical hardware that allows for effective and safe thermal decomposition and/or combustion of the propellants. By integrating a sintered metal component between a propellant feed source and the combustion chamber, an effective and reliable fuel injector head may be implemented. Additionally the fuel injector head design integrates a spark ignition mechanism that withstands extremely hot running conditions without noticeable spark mechanism degradation.","Mangus, Gregory S.; Fisher, David Jay.; Mangus, Christopher","Fire Star Engineering, LLC",2007-12-04
JP2010511830A,JP,2010-04-15,フラッシュバックバリアを備えた火花一体型推進薬噴射器ヘッド,"High performance propellants flow through specialized mechanical hardware that allows for effective and safe thermal decomposition and/or combustion of the propellants. By integrating a sintered metal component between a propellant feed source and the combustion chamber, an effective and reliable fuel injector head may be implemented. Additionally the fuel injector head design integrates a spark ignition mechanism that withstands extremely hot running conditions without noticeable spark mechanism degradation.","Mangus, Gregory S.; Fisher, David Jay.; Mangus, Christopher","Fire Star Engineering, LLC",2007-12-04
JP5922591B2,JP,2016-05-24,パッケージ化推進薬空気誘導可変推力ロケット・エンジン,"This invention is a packaged propellant air-induced variable thrust rocket engine that has a vast number of uses and applications for this invention. The primary purpose of the device described here is to provide a light weight, torque and vibration free thrust generator for the propulsion of aircraft. This device will facilitate the fabrication of very light weight aircraft because of the lack these forces. This device can also be used anywhere high velocity air flow and or the resulting thrust is needed. The invention uses aerodynamic principles to compress and accelerate the incoming air, prior to it being heated and accelerated by a short duration burst of thermal and kinetic energy from discrete packets of a mixture of oxidizable fuels. The heated and accelerated air then expands as it travels thru the device providing thrust.","Manson, David, Murray, Junior; Collier, Nicholas","Innovative Defense, LRC",2011-02-23
JP2001503675A,JP,2001-03-21,【発明の名称】工業的プロセスによって生じる排出ガスからNOxを低減する方法,"Gas-phase methods and systems for reducing NOx emissions and other contaminants in exhaust gases, and industrial processes using the same, are disclosed. In accordance with the present invention, hydrocarbon(s) autoignite and autothermally heat an exhaust gas from an industrial process so that NH 3 , HNCO or a combination thereof are effective for selectively reducing NOx autocatalytically. Preferably, the reduction of NOx is initiated/driven by the autoignition of hydrocarbon(s) in the exhaust gas. Within the temperature range of about 482-871°C, the introduced hydrocarbon(s) autoignite spontaneously under fuel-lean conditions of about 2-18 % O 2  in the exhaust gas. Once ignited, the reactions proceed autocatalytically, heating the exhaust gas autothermally. Under some conditions, a blue chemiluminescence may be visible.","Sadas, Bruce Sea; Sloan, Ralph Jay; Palaiscar, Vishwesh; Ramavajara, Madue",Knoxtec Incorporated,1997-10-31
JP4673926B2,JP,2011-04-20,中央本体パイロットポッド,"A pilot for a scramjet provides a flame front whose arrival at the wall of the scramjet combustor is delayed thereby reducing combustor heat load. By combining in-stream injection of fuel with an interior pilot and a lean (fuel-poor) outer annulus, the bulk of combustion is confined to the scramjet combustor center. This concept, referred to as “core-burning,” further reduces combustor heat load. One such pilot is for a two dimensional scramjet effective to propel a vehicle. This pilot includes a plurality of spaced apart struts separated by ducts and a strut pilot contained within each strut. A second such pilot is for an axisymmetric scramjet engine has, in sequence and in fluid communication, an air intake, an open bore scramjet isolator and a scramjet combustor. This centerbody pilot pod includes a pilot isolator disposed between the air intake and a pilot diffuser, the pilot diffuser disposed between the pilot isolator and a pilot with the pilot disposed between the pilot diffuser and a pilot combustor. The pilot pod is in axis symmetry around a central axis of the scramjet isolator and supported by a plurality of struts extending from an inner wall of the open bore to an outer surface of the centerbody pilot pod.","Bullman, Melvin Jay.",Aerojet General Corporation,2007-10-15
JP5604075B2,JP,2014-10-08,液体燃料式パルスデトネーションエンジンの低温始動のためのプレナム空気予熱,,ナレンドラ ディガンバー Joshi; ヴェン cut S ワール tongue ギララ; Kevin Michael Hinckley,General Electric Co.,2009-10-09
JP2016511525A,JP,2016-04-14,集積化された動力発生におけるＮＯｘの軽減,溶融炭酸塩形燃料電池（ＭＣＦＣ）を使用して、燃焼供給源からのＣＯ２を捕捉するためのシステムおよび方法が提供される。燃料電池は、低下されたアノード燃料利用を有するように作動される。任意に、アノード排出物の少なくとも一部分は、燃焼供給源の燃料として使用するためにリサイクルされる。任意に、アノード排出物の第２の部分は、アノードインプット流の一部分として使用するためにリサイクルされる。これによって、燃焼供給源排出物からＣＯ２を分離するために必要とされる燃料電池の面積の量の減少、および／または燃料電池を作動させる方法の変更が可能となる。,Paul Jay Barlowitz; Timothy Andrew Burkholtz; Frank Harshkowitz; Alessandro Faldi; Allen S. Ericsson,EXXON RESEARCH AND ENGINEERING COMPANY,2014-03-13
JP2012512916A,JP,2012-06-07,触媒接触脱酸素及び縮合酸素化炭化水素を主成分とする液体燃料組成物,"A moderate fraction of a carbohydrate derived component, and a kerosene composition comprising the moderate fraction.",Joanna Margaret Bardley; Paul George Brommel; Randy Douglas Courtlight; Richard John Price,SHELL INTERNATIONALE RESEARCH MAATSCHAPPIJ BESLOTEN VENNOOTSHAP,2009-09-04
JP6700289B2,JP,2020-05-27,ガソリンエンジンの燃料送出システム、空気取り入れシステムおよび燃焼室を清浄化させるための組成物,"A cleaning composition, which is suitable for cleaning fuel delivery systems, air-intake systems, intake valves, and combustion chambers, includes at least 3 wt. % of a polyether component, at least 5 wt. % of a polar solvent, and at least 5 wt. % a non-polar solvent. The polyether component is selected from polyethers, polyetheramines, and mixtures thereof.","Bartley, Stuart El.; Weinberg, Thomas Earl.; Nichols, Michael Dee.; Hoodie, garrett",THE LUBRIZOL CORPORATION,2016-01-15
JP2018508619A,JP,2018-03-29,ガソリンエンジンの燃料送出システム、空気取り入れシステムおよび燃焼室を清浄化させるための組成物,燃料送出システム、空気取り入れシステム、取り入れ弁および燃焼室を清浄化させるのに適している清浄化組成物は、少なくとも３ｗｔ％のポリエーテル成分、少なくとも５ｗｔ％の極性溶媒および少なくとも５ｗｔ％の非極性溶媒を含む。ポリエーテル成分は、ポリエーテル、ポリエーテルアミンおよびそれらの混合物から選択される。例示的実施形態は、清浄化組成物、および組成物で清浄化する方法に関する。組成物および方法は、特に、内燃エンジンの燃料送出システム、空気取り入れシステムおよび燃焼室における炭素質堆積物を除去するのに効果的である。,"Bartley, Stuart El.; Weinberg, Thomas Earl.; Nichols, Michael Dee.; Hoodie, garrett",THE LUBRIZOL CORPORATION,2016-01-15
JP2022550052A,JP,2022-11-30,微生物でグラフェンオキシドを還元することによって窒素および硫黄でグラフェンをドープする方法、それにより得られた窒素および硫黄でドープされたグラフェンならびにその使用,本発明は、微生物によるグラフェンオキシドの還元を通じて、窒素原子および硫黄原子でデュアルドープされたグラフェンを製造する方法に関する。加えて、本発明は、この方法によって得られる窒素原子および硫黄原子でデュアルドープされたグラフェンに関し、かつそのようにドープされたグラフェンの、例えば電子部品または水精製機器を製造するための、使用に関する。特に、方法はエコサステナブルであり、かつ経済的であり、公知の製品と比べて著しく改善された性能を有する製品を提供するという、さらなる利点を有する。,Yakimov Valentino,Bioenergy Technologies Society A Responsibility Limited,2020-09-23
JP6746660B2,JP,2020-08-26,徐放性二重壁マイクロカプセル,A method of forming dual melamine/acrylic walled microcapsules having improved physical properties and release control as well as the microcapsules formed by the process wherein the capsule wall is formed by the use of select (meth)acrylate monomers and/or oligomers and/or select self-condensing melamine resins.,"Fen, Lin Shen; Robert, Stanley, Bobnock",THE PROCTER & GAMBLE COMPANY,2018-11-13
JP2022548420A,JP,2022-11-18,燃焼器の運転効率と排出性能を最大化できる燃焼装置,燃焼器の運転効率と排出性能を最大化できる燃焼装置に係り、ガス燃料が供給されるガスノズル部と、前記ガスノズル部と連通して空間を形成し、ガス燃料を分配するガス燃料分配部と、前記ガス燃料分配部と第１貫通孔により連通し、ガス燃料が空気と予混合される空間を形成する第１混合室と、前記ガス燃料分配部と第２貫通孔により連通し、ガス燃料が空気と予混合される空間を形成する第２混合室と、前記第１混合室と第２混合室との間に備えられ、前記第１混合室で予混合されたガス燃料と空気の予混合気を乱流化する乱流生成ノズル部と、空気ノズル部と連通し、前記第１混合室と第２混合室にそれぞれ燃焼用空気を供給する旋回ノズル部と、を含み、前記旋回ノズル部は、前記第１混合室と連通し、前記第１貫通孔から噴射されたガス燃料が旋回された空気と垂直で接触して混合されるようにする第１流路と、前記第２混合室と連通し、前記第２貫通孔から噴射されたガス燃料が前記第１流路に比べて旋回度が低い空気と垂直で接触して混合されるようにする第２流路と、を含み、前記乱流生成ノズル部は、複数個のフラクタル状の格子孔が備えられ、前記第１混合室で予混合されたガス燃料と空気の予混合気の乱流流れを誘導するブロック状の乱流生成部と、前記乱流生成部を通過したガス燃料と空気の予混合気を燃焼室に流動させる円筒状の内側ノズル部と、を含み、前記乱流生成部は、前記内側ノズル部の長手方向に沿って長く形成され、さか火現象により火炎が付着しても、剛性を維持して、持続的な燃焼を行うことにより、燃焼効率を増加させることを特徴とする。【選択図】 図１,"i, gi man; Kang, Young Se; Ann, Ji Hwang",INDUSTRY-ACADEMIC  COOPERATION  FOUNDATION  OF  SUNCHON  NATIONAL  UNIVERSITY,2020-10-28
JP2017501131A,JP,2017-01-12,イオン交換樹脂触媒による混合ブテンの二量化／オリゴマー化のためのプロセス,イオン交換樹脂系の触媒を使用した混合ブテン供給材料の効果的な二量化およびオリゴマー化のためのプロセスが提供される。二量化およびオリゴマー化プロセスは、より高いエネルギー含量、より高いオクタン価、より高いオクタン感度およびより低いRVPのための優れた燃料混合成分として使用できる高度に分岐したC8およびC8+オレフィン（例えば、C12、C16およびC20オレフィン）を生成する。,"Sun; Shu, Way",Saudi Arabian Oil Company,2014-11-21
JP7270111B2,JP,2023-05-09,燃焼器の運転効率と排出性能を最大化できる燃焼装置,"The present invention relates to a combustion device capable of maximizing a combustor's operation efficiency and exhaust performance and, more specifically, to a combustion device comprising: a gas nozzle unit that allows gas fuel to be supplied; a gas fuel distribution unit that is in communication with the gas nozzle unit to form a space and distributes gas fuel; a first mixing chamber that is in communication with the gas fuel distribution unit through a first through-hole to form a space in which gas fuel is premixed with air; a second mixing chamber that is in communication with the gas fuel distribution unit through a second through-hole to form a space in which gas fuel is premixed with air; a turbulence producing nozzle unit provided between the first mixing chamber and the second mixing chamber to produce a turbulent flow of a pre-mixture of gas fuel and air that are premixed in the first mixing chamber; and a swirl nozzle unit that is in communication with an air nozzle unit to allow air for combustion to be supplied into each of the first mixing chamber and the second mixing chamber. The swirl nozzle unit comprises: a first flow path that is in communication with the first mixing chamber to allow gas fuel ejected through the first through-hole to come into perpendicular contact and be mixed with swirling air; and a second flow path that is in communication with the second mixing chamber to allow gas fuel ejected through the second through-hole to come into perpendicular contact and be mixed with air having a lower swirl number than that in the first flow path. The turbulence producing nozzle unit comprises: a block-type turbulence producing unit including a plurality of grid holes having a fractal shape to induce a turbulent flow of the pre-mixture of gas fuel and air that are premixed in the first mixing chamber, and a cylindrical internal nozzle unit that allows the pre-mixture of gas fuel and air passing through the turbulence producing unit to flow into a combustion chamber, wherein the turbulence producing unit has an elongated form along the length direction of the internal nozzle unit and maintains rigidity, even when flames adhere thereto due to flash back, to enable continuous combustion, thus increasing combustion efficiency.","i, gi man; Kang, Young Se; Ann, Ji Hwang",INDUSTRY-ACADEMIC  COOPERATION  FOUNDATION  OF  SUNCHON  NATIONAL  UNIVERSITY,2020-10-28
JP7084458B2,JP,2022-06-14,ハイブリッド電動飛行機を使用する地域航空交通網を実施するためのシステム及び方法,"Systems, apparatuses, and methods for overcoming the disadvantages of current air transportation systems that might be used for regional travel by providing a more cost effective and convenient regional air transport system. In some embodiments, the inventive air transport system, operational methods, and associated aircraft include a highly efficient plug-in series hybrid-electric powertrain (specifically optimized for aircraft operating in regional ranges), a forward compatible, range-optimized aircraft design, enabling an earlier impact of electric-based air travel services as the overall transportation system and associated technologies are developed, and platforms for the semi-automated optimization and control of the powertrain, and for the semi-automated optimization of determining the flight path for a regional distance hybrid-electric aircraft flight. In one embodiment there is provided a powertrain (700) for an aircraft, comprising one or more energy storage units (710), a distribution bus (730) coupled to the at least one energy storage unit and optionally coupled to at least one range extending generator (720); and one or more electric propulsors (701) coupled to the distribution bus (730) to deliver thrust using electricity drawn from the distribution bus.","Knaps, Burton, Matthew; Kumar, Ashish, Andrew","Zunam Aero, Incorporated",2020-10-15
JP6444386B2,JP,2018-12-26,バイオマスからの燃料および生物肥料の製造,"An IBTL system having a low GHG footprint for converting biomass to liquid fuels in which a biomass feed is converted to liquids by direct liquefaction and the liquids are upgraded to produce premium fuels. Biomass residues from the direct liquefaction, and optionally additional biomass is pyrolyzed using microwave pyrolysis to produce structured biochar, hydrogen for the liquefaction and upgrading, and CO2 for conversion to algae, including blue green algae (cyanobacteria) in a photobioreactor (PBR). Produced algae and diazotrophic microorganisms are used to produce a biofertilizer that also contains structured biochar. The structured biochar acts as a nucleation agent for the algae in the PBR, as a absorption agent to absorb inorganics from the biomass feed to direct liquefaction or from the liquids produced thereby, and as a water retention agent in the biofertilizer. The ratio of cyanobacteria to diazotrophic microorganisms in the biofertilizer can be selected so as to achieve desired total chemically active carbon and nitrogen contents in the soil for a given crop.",Rocco A. Fearto; Yuhan Sun; Mark Allen; Quan Yu Jiao,ACCELERGY CORPORATION; SHANGHAI ADVANCED RESEARCH INSTITUTE OF THE CHINESE ACADEMY OF SCIENCE,2014-05-23
