word,count;
METHOD,331;
SYSTEM,311;
A,281;
FUEL,233;
system,230;
a,226;
AIRCRAFT,216;
fuel,195;
METHODS,178;
method,172;
with,156;
aircraft,150;
PROCESS,146;
methods,145;
WITH,137;
SYSTEMS,137;
Method,133;
THE,124;
engine,122;
in,121;
IN,110;
ENGINE,104;
AN,103;
TO,99;
PRODUCTION,97;
an,97;
to,96;
turbine,94;
from,87;
the,86;
Fuel,85;
FROM,84;
systems,84;
PRODUCING,83;
System,82;
POWER,81;
gas,80;
BIOMASS,79;
Systems,77;
USING,73;
GAS,70;
control,69;
Aircraft,69;
combustion,67;
ENERGY,64;
TURBINE,64;
Process,63;
COMBUSTION,62;
biomass,62;
SAME,61;
APPARATUS,60;
RENEWABLE,60;
use,58;
apparatus,57;
CONTROL,57;
Methods,57;
PROCESSING,56;
same,53;
using,51;
FUELS,51;
CARBON,51;
COMPOSITIONS,50;
AIR,50;
USE,50;
HIGH,50;
VEHICLE,50;
GENERATION,50;
CONVERSION,50;
INTEGRATED,48;
Processing,47;
high,47;
fuels,46;
compositions,45;
producing,44;
HYDROCARBON,43;
MATERIALS,42;
power,41;
LIQUID,39;
HYDROCARBONS,38;
energy,38;
JET,38;
having,37;
THEREOF,37;
COMPOSITION,37;
vehicle,37;
OR,36;
Integrated,36;
HYDROGEN,36;
electric,36;
hydrocarbon,35;
CATALYTIC,35;
ELECTRIC,34;
DEVICE,34;
engines,34;
generating,32;
GENERATING,32;
by,31;
ASSEMBLY,31;
ELECTRICAL,31;
WING,31;
process,30;
AVIATION,30;
CONTAINING,30;
containing,30;
OIL,30;
LANDING,30;
materials,30;
PROPULSION,30;
management,29;
INTO,29;
generation,29;
production,28;
conversion,28;
device,28;
HYBRID,28;
SOLID,28;
FLIGHT,28;
AND/OR,28;
THERMAL,28;
High,27;
CELL,27;
hydrocarbons,27;
IMPROVED,27;
air,27;
Engine,26;
associated,26;
data,26;
carbon,26;
oxygen,26;
VERTICAL,26;
Gas,26;
FIRE,26;
HAVING,25;
DETONATION,25;
OXYGEN,25;
manufacture,25;
ENGINES,25;
liquid,25;
OPERATING,25;
ON,25;
Apparatus,25;
und,24;
propulsion,24;
BY,24;
Production,24;
performance,24;
renewable,23;
station,23;
landing,23;
COMBUSTOR,23;
ignition,23;
into,23;
combustor,23;
Turbine,23;
distribution,23;
PLANT,22;
AERIAL,22;
Mobile,22;
rotor,21;
COMPOSITIONS,,21;
SYSTEMS,,21;
flight,21;
ROTATING,21;
MATERIAL,21;
thereof,21;
cell,20;
GASOLINE,20;
on,20;
FLOW,20;
MAKING,20;
petroleum,20;
PRODUCTS,20;
PETROLEUM,20;
or,20;
vertical,20;
injector,19;
CONVERTING,19;
COMPONENTS,19;
Fire,19;
BIOFUEL,19;
ROTARY,18;
zur,18;
variety,18;
FEEDSTOCKS,18;
catalyst,18;
DIOXIDE,18;
CHEMICAL,18;
COMPRISING,18;
LOW,18;
unit,18;
OPERATION,18;
Combustion,18;
detonation,18;
and/or,18;
products,18;
making,18;
CO2,18;
operation,17;
HEAT,17;
temperature,17;
material,17;
PROCESSES,17;
Hybrid,17;
manufacturing,17;
DELIVERY,17;
jet,17;
RELATED,17;
SUPPRESSION,17;
thermal,17;
applications,17;
including,17;
communication,17;
MANUFACTURING,17;
low,16;
ENVIRONMENTAL,16;
VARIABLE,16;
Low,16;
ENHANCED,16;
suppression,16;
nozzle,16;
VTOL,16;
PREPARING,16;
CATALYST,16;
recovery,16;
Electric,16;
CAMELINA,16;
For,16;
reducing,16;
vehicles,16;
And,16;
hydrogen,16;
SATIVA,15;
compounds,15;
VARIETY,15;
wing,15;
their,15;
CONTROLLING,15;
BODY,15;
internal,15;
injection,15;
UNMANNED,15;
plasma,15;
REGARDING,15;
FRC,15;
Verfahren,15;
oil,15;
feedstocks,15;
IGNITION,14;
chemical,14;
METAL,14;
solid,14;
NOZZLE,14;
STORAGE,14;
TRANSPORTATION,14;
utilizing,14;
RAW,14;
rotating,14;
components,14;
BURNER,14;
POLYMERS,14;
TAKEOFF,14;
SYSTEM,,14;
ASSOCIATIVE,14;
structure,14;
mit,14;
aerial,14;
CELLS,14;
blade,13;
Using,13;
takeoff,13;
HYBRID-ELECTRIC,13;
forming,13;
organic,13;
PERFORMANCE,13;
CHEMICALS,13;
igniters,13;
motor,13;
equipment,13;
exhaust,13;
SUSTAINABLE,13;
turbofan,13;
as,13;
supply,13;
INCLUDING,13;
VEHICLES,12;
based,12;
STRUCTURE,12;
valve,12;
MITIGATION,12;
marine,12;
reactor,12;
BIOFUELS,12;
waste,12;
REDUCING,12;
für,12;
produced,12;
operating,12;
devices,12;
catalytic,12;
SYNTHESIS,12;
cooling,12;
reformer,12;
aviation,12;
CLEANING,12;
enhanced,12;
AS,12;
platform,12;
transportation,12;
tank,12;
assembly,12;
generators,12;
multiple,12;
SUPPLY,11;
von,11;
comprising,11;
GRAVITY,11;
variable,11;
Solid,11;
injectors,11;
BASED,11;
Power,11;
Brassica,11;
Fuels,11;
Same,11;
CENTER,11;
Hydrocarbon,11;
USES,11;
LUBRICANT,11;
MULTIPLE,11;
bypass,11;
ground,11;
DEVICES,11;
FIBER,11;
STORE,11;
environmental,11;
industrial,11;
BIORENEWABLE,11;
SPEED,11;
EFFICIENT,11;
Rotary,11;
WASTE,11;
at,11;
KEROSENE,11;
carinata,11;
&,11;
Biomass,11;
SYNTHETIC,11;
improved,11;
MANAGEMENT,11;
BARRIER,11;
via,11;
UTILIZING,11;
REFORMER,10;
ADDITIVE,10;
TORQUE,10;
TWO,10;
GASIFICATION,10;
CAPTURE,10;
Producing,10;
Energy,10;
chamber,10;
WATER,10;
Device,10;
ORGANIC,10;
SOURCES,10;
GROWTH,10;
TRANSPORT,10;
HYDROGEN-CATALYST,10;
Renewable,10;
FUSELAGE,10;
Conversion,10;
plant,10;
network,10;
during,10;
NETWORKS,10;
FUEL,,10;
support,10;
STARTING,10;
section,10;
ROTORCRAFT,10;
Environment-friendly,10;
drive,10;
NATURAL,10;
seeds,10;
SOLAR,10;
Control,10;
processes,10;
NETWORK,10;
DATA,10;
OTHER,10;
Oxygen,10;
OILS,10;
COMMUNICATION,10;
FEEDSTOCK,10;
ASSOCIATED,10;
ACIDS,10;
TRANSMISSION,10;
FATTY,10;
PITCH,10;
maintaining,10;
MICROBIAL,10;
storage,10;
electrical,9;
gasoline,9;
IC,9;
octane,9;
sources,9;
PRODUCE,9;
AT,9;
dual,9;
COATING,9;
generator,9;
oligomerization,9;
HYDROTREATMENT,9;
intake,9;
PARAFFINIC,9;
Making,9;
ROTOR,9;
EXHAUST,9;
VON,9;
Materials,9;
useful,9;
ELECTROCHEMICAL,9;
WEIGHT,9;
capture,9;
module,9;
assemblies,9;
Camelina,9;
Liquid,9;
uses,9;
Biofuel,9;
sativa,9;
PRODUCT,9;
IMPLEMENTING,9;
DETERMINING,9;
UNIT,9;
TEMPERATURE,9;
converting,9;
Detonation,9;
Rotating,9;
DRIVE,9;
predicting,9;
Process,,9;
auxiliary,9;
MEASURING,9;
fluid,9;
VIA,9;
GENERATOR,9;
weight,9;
Plants,9;
AIRCRAFT,,9;
speed,9;
derivatives,9;
barrier,8;
Vertical,8;
burner,8;
compression,8;
starting,8;
composite,8;
Wireless,8;
heat,8;
EQUIPMENT,8;
systems,,8;
DESTROYING,8;
Mitigation,8;
IN-FLIGHT,8;
machine,8;
BASE,8;
INTERNAL,8;
minimizing,8;
vessel,8;
thrust,8;
OXIDE,8;
AUXILIARY,8;
DYNAMIC,8;
rocket,8;
deposits,,8;
PRESSURE,8;
water,8;
ITS,8;
DERIVATIVES,8;
FORMULATION,8;
employing,8;
rotary,8;
Oil,8;
COMPONENT,8;
Hydrogen,8;
zum,8;
MONITORING,8;
produce,8;
FLUID,8;
Feedstock,8;
-0,8;
ROCKET-POWERED,8;
TREATMENT,8;
NOx,8;
circuit,8;
AVOIDING,8;
CYCLES,8;
delivery,8;
PLATFORM,8;
hybrid,8;
Of,8;
Catalytic,8;
(VTOL),8;
Modular,8;
OPTIMIZING,8;
USEFUL,8;
controlling,8;
Spray,8;
HCRI,8;
center,8;
FIXED,8;
Additives,8;
(HCRI),8;
efficiency,8;
FORMATION,8;
LIGNIN,8;
synthesis,8;
ARRANGEMENT,8;
isolation,8;
DISTILLATE,8;
FLAME,8;
TANK,8;
Electrical,8;
vortex,7;
unmanned,7;
DUAL,7;
recorder,7;
einem,7;
units,7;
TAKE-OFF,7;
System,,7;
PREPARATION,7;
CONVERTER,7;
therefrom,7;
THERMALLY,7;
improving,7;
OLEFINS,7;
preparation,7;
FRACTIONS,7;
DILUENT,7;
Propulsion,7;
surface,7;
GEAR,7;
CONTINUOUS,7;
RECOVERY,7;
electrolysis,7;
human,7;
INJECTION,7;
light,7;
pressure,7;
FAN,7;
torque,7;
UND,7;
ROCKET,7;
DERIVED,7;
ACID,7;
APPLICATIONS,7;
transmission,7;
diesel,7;
BIOLOGICAL,7;
aqueous,7;
Composite,7;
MULTI-ROTOR,7;
AERO,7;
FINE,7;
CMC,7;
KETOACIDS,7;
MOLTEN,7;
analysis,7;
PRODUCED,7;
inerting,7;
HYDROCARBON,,7;
tanks,7;
VARIOUS,7;
Ignition,7;
reaction,7;
MODULAR,7;
gases,7;
type,7;
COMPOUNDS,7;
REGIONAL,7;
Systems,,7;
operations,7;
exciter,7;
PYROLYSIS,7;
fractions,7;
through,7;
biofuel,7;
EXTINGUISHING,7;
dioxide,7;
METHANE,7;
ADJUSTABLE,7;
unleaded,7;
RETRACTABLE,7;
rotorcraft,7;
preparing,7;
flow,7;
Plant,7;
composition,7;
TRANSIT,7;
line,7;
coating,7;
HELICOPTER,7;
ELECTROLYSIS,7;
THERMODYNAMIC,7;
OPTIMIZATION,7;
Variable,7;
fire,7;
orbital,7;
MICROORGANISMS,7;
MODIFIED,7;
cavity,7;
OCTANE,7;
SOURCE,6;
USED,6;
traffic,6;
aircraft,,6;
flexible,6;
KRAFTSTOFFMERKMALEN,6;
DESIGN,6;
EMPLOYING,6;
PARTICULATE,6;
PARTIAL,6;
functional,6;
distillate,6;
FLUOROPOLYMER,6;
methods,,6;
KEROSENE,,6;
solar,6;
monitoring,6;
stability,6;
carbonaceous,6;
PULSE,6;
compositions,,6;
Carbon,6;
In,6;
collision,6;
DURING,6;
APPARATUSES,6;
ketoacids,6;
COATINGS,6;
arc,6;
SAID,6;
protection,6;
Compositions,6;
Combustor,6;
navigation,6;
farnesane,6;
take,6;
ALGAL,6;
Aviation,6;
BLENDED,6;
polymer,6;
Filter,6;
solutions,6;
BIDIRECTIONAL,6;
formation,6;
CRACKING,6;
TYPE,6;
Wing,6;
synthetic,6;
such,6;
UPGRADING,6;
wave,6;
Gasification,6;
METHODS,,6;
Fluid,6;
MIXTURE,6;
airplane,6;
OUT,6;
hydraulic,6;
REACTOR,6;
Composition,6;
IMPROVING,6;
RECOVERING,6;
elevated,6;
off,6;
emergency,6;
cells,6;
radial,6;
AGENT,6;
POWERED,6;
BATTERY,6;
Unmanned,6;
COMPOUND,6;
networks,6;
UAV,6;
absorbent,6;
WIRELESS,6;
detection,6;
gravity,6;
extinguishing,6;
cognitive,6;
BOOSTERS,,6;
Hydrocarbons,6;
amine,6;
With,6;
force,6;
DISTRIBUTION,6;
Burner,6;
ALLOY,6;
Flight,6;
structures,6;
INTENSITY,6;
corrosion,6;
sensor,6;
AROMATIC,6;
CHARGING,6;
fixed,6;
THRUST,6;
BALANCE,6;
COMPRESSION,6;
Portable,6;
FEED,6;
Macromolecular,6;
trapped,6;
Nitrogen,6;
plurality,6;
implementing,6;
From,6;
ISOLATION,6;
REACTION,6;
PROTECTION,6;
piston,6;
determining,6;
MANUFACTURE,6;
RACING,6;
Electronic,6;
Biological,6;
COLLISION,6;
ENVIRONMENTS,6;
supersonic,6;
Olefin,6;
MODE,6;
environment,6;
converter,6;
AUTONOMOUS,6;
CHAMBER,6;
PLASMA,6;
transfer,6;
Aerial,6;
EXTRACTING,6;
additive,6;
Containing,6;
AUTOGYRO,6;
LIGHT,6;
Plasma,6;
BLENDSTOCK,,6;
fuer,6;
ceramic,6;
kerogen,5;
Feedstocks,5;
COOLING,5;
link-based,5;
Rotor,5;
space,5;
two,5;
POLYMER,5;
PROPELLANT,5;
aerospace,5;
GASEOUS,5;
wet,5;
FLYING,5;
Rotorcraft,5;
raw,5;
modular,5;
LAUNCH,5;
NEGATIVE,5;
Vehicles,5;
PIPE,5;
TRANSFER,,5;
compressor,5;
VESSEL,5;
ARC,5;
HETEROGENEOUS,5;
TREATING,5;
OLEFINIC,5;
FOAM,5;
PARAMETER,5;
HOT,5;
(PL),5;
lean,5;
derived,5;
INFORMATION,5;
grade,5;
CONTRAIL,5;
Use,5;
level,5;
ENHANCING,5;
GASOLINES,5;
MEANS,5;
particularly,5;
one,5;
INJECTING,5;
avoidance,5;
SILICON,5;
Secondary,5;
OPERATIONS,5;
MIDDLE,5;
SPACE,5;
INERTING,5;
extracting,5;
retractable,5;
OBTAINED,5;
ENRICHED,5;
intensity,5;
THAN,5;
injecting,5;
engines,,5;
INTERCHANGEABLE,5;
ABSORBENT,5;
OFF,5;
Dual,5;
PROPERTIES,5;
ELEMENTS,5;
LINE,5;
Lubrication,5;
situ,5;
MACHINE,5;
PLANT-BASED,5;
HOMOGENEOUS,5;
LEAN,5;
cycle,5;
polymers,5;
PARAFFIN,5;
STRUCTURES,5;
ABSORBERS,5;
SWIRL,5;
PLANETARY,5;
separation,5;
MIXED,5;
PRE-COOLING,5;
PARAMETERS,5;
gasification,5;
TAKE,5;
Exhaust,5;
EMULSION,5;
upgrading,5;
NAVIGATION,5;
ONE,5;
charge,5;
RATIO,5;
NOVEL,5;
WHEEL,5;
ALCOHOL,5;
CORE,5;
Fischer-Tropsch,5;
CORROSION,5;
einer,5;
heater,5;
pulse,5;
REACTIVE,5;
powered,5;
Engines,5;
Utilizing,5;
ADDITIVES,5;
CARBURETED,5;
spread,5;
treatment,5;
BESTIMMUNG,5;
ablation,5;
EMERGENCY,5;
CARRYING,5;
Temperature,5;
PROVIDING,5;
cleaning,5;
ADVANCED,5;
metal,5;
In-situ,5;
take-off,5;
fracturing,5;
CHARACTERISTICS,5;
STREAM,5;
IGNITION-QUENCHING,5;
Emergency,5;
NEURAL,5;
spectrum,5;
THERMOPLASTIC,5;
AQUEOUS,5;
EFFICIENCY,,5;
mechanism,5;
GEOMETRY,5;
GTL,5;
HEAVY,5;
BIOFERTILIZERS,5;
fuel,,5;
TITANIUM,5;
FLEXIBLE,5;
HIGH-SPEED,5;
Plant-based,5;
Air,5;
PLANT,,5;
refining,5;
sustainment,5;
GUIDE,5;
mannich,5;
fan,5;
PHOTOVOLTAIC,5;
TANKS,5;
acoustic,5;
detergents,5;
fuel-rich,5;
SUPPORT,5;
prevention,5;
feedstock,5;
has,5;
adaptive,5;
LIQUIDS,5;
einen,5;
Processes,5;
blend,5;
CYCLIC,5;
FATS,5;
CATALYSTS,5;
Vehicle,5;
VANE,5;
PROCESS,,5;
INTAKE,5;
means,5;
Suppression,5;
FUELLING,5;
onboard,5;
foam,5;
related,5;
ADAPTIVE,4;
FLUIDS,4;
CONTACT,4;
BIOMASS-DERIVED,4;
der,4;
battery,4;
INJECTOR,4;
drone,4;
motion,4;
TRAJECTORY,4;
ISOPARAFFINIC,4;
MEDIA,4;
Marine,4;
FORMING,4;
MOBILE,4;
EXPLORATION,4;
FRACTION,4;
synthesis,,4;
heating,4;
transit,4;
safety,4;
Lifting,4;
COLD,4;
FAA,4;
FUNCTIONALIZED,4;
integrated,4;
BLADE,4;
Metal,4;
bodies,4;
startup,4;
Hypoxia,4;
performances,4;
EMISSION,4;
vacuum,4;
STARTER,4;
modifiers,4;
ATM,4;
Sustainable,4;
MULTI-MISSION,4;
ALKANES,4;
PFN/TRAC,4;
TOWABLE,4;
acids,4;
OCCURRING,4;
helicopter,4;
Waste,4;
temperatures,4;
ACQUISITION,4;
regeneration,4;
BED,4;
MIXTURES,4;
COKE,4;
Algal,4;
INDICATOR,4;
Thermal,4;
kontinuierlichem,4;
STRUCTURES,,4;
COMPOSITE,4;
MECHANISM,4;
sustainable,4;
mobile,4;
coatings,4;
alcohols,4;
cycles,4;
diluent,4;
trajectory,4;
(VARIANTS),4;
utility,4;
OOOI,4;
APPARATUSES,,4;
Supervisory,4;
CYCLE,4;
GENERATORS,4;
CONDENSATION,4;
FAULT-TOLERANT,4;
SEAT,4;
furnace,4;
Solar,4;
efficient,4;
TRANSFER,4;
augmentation,4;
fast,4;
both,4;
STOCKS,4;
Automated,4;
COUPLING,4;
ENVIRONMENT,4;
source,4;
5-METHYL-2-FUROIC,4;
phenol,4;
free,4;
BOTH,4;
other,4;
Synthetic,4;
Plant,,4;
high-temperature,4;
SPARK,4;
RADICAL,4;
INTERFACE,4;
GEARSET,4;
COAL,4;
configurations,4;
between,4;
capability,4;
Advanced,4;
arrangement,4;
GRADE,4;
WAVES,4;
Active,4;
chemicals,4;
BLENDING,4;
ALTERNATIVE,4;
REUSABLE,4;
passenger,4;
NEW,4;
testing,4;
Autonomous,4;
SUPERVISORY,4;
HYDROCRACKING,4;
hindered,4;
STATE,4;
PURPOSE,4;
FRACTURING,4;
Wing-drive,4;
BLEND,4;
Flexible,4;
gear,4;
supporting,4;
CONDUCTED,4;
HYDROGENATION,4;
PURITY,4;
PLASMA-CATALYZED,4;
chain,4;
BEING,4;
coal,4;
(C8-C15),4;
bidirectional,4;
enclosure,4;
HYDRAULIC,4;
/,4;
Biogenic,4;
igniting,4;
high-speed,4;
sensitivity,4;
VALVE,4;
current,4;
swirl,4;
formed,4;
CARBONACEOUS,4;
alloys,4;
TRAVEL,4;
regional,4;
oxide,4;
lubricant,4;
CONNECTION,4;
BLOCKER,4;
BUILDING,4;
structures,,4;
GENETICALLY,4;
STEAM,4;
ACOUSTIC,4;
medium,4;
technical,4;
TURBO-MACHINE,4;
GEOPHYSICAL,4;
oxidation,4;
Landing,4;
inhibit,4;
SINK,4;
ASSETS,4;
Powered,4;
PREVENTION,4;
replaceable,4;
recycling,4;
are,4;
training,4;
STABILIZER,4;
microbial,4;
fault,4;
lubricating,4;
treating,4;
FORWARD,4;
YIELD,4;
propellant,4;
very,4;
Reusable,4;
TANDEM,4;
Pilot,4;
ANALYSIS,4;
On-board,4;
UNIVERSAL,4;
The,4;
feed,4;
Associative,4;
PILOT,4;
SURFACE,4;
sensors,4;
OXIDATION,4;
Treating,4;
Reformer,4;
eines,4;
HARVESTING,4;
MAINTENANCE,4;
CAVITY,4;
that,4;
OXYGENATES,4;
olefins,4;
hybrid-electric,4;
EXCHANGER,4;
ein,4;
cabin,4;
PROTECT,4;
TYPES,4;
DETECTION,4;
shale,4;
antioxidants:,4;
TRANSPORTER,4;
flüssigen,4;
premium,4;
voltage,4;
event,4;
burst,4;
Cell,4;
corresponding,4;
INTERDIGITATED,4;
Structure,4;
HYDROTREATING,4;
MOTOR,4;
adjustable,4;
FIREBAY,4;
carrier,4;
SOLUTION,4;
POLLUTION,4;
formulation,4;
EFFICIENCY,4;
large,4;
CHAMBERS,4;
optimizing,4;
remote,4;
hydrotreament,4;
product,4;
inhibiting,4;
SUCH,4;
processing,4;
Self-sustaining,4;
Thermodynamic,4;
macromolecular,4;
alcohol,4;
COMBINED,4;
COMMERCIAL,4;
pitch,4;
MACROMOLECULAR,4;
5-(CHLOROMETHYL)-2-FURALDEHYDE,4;
Coal,4;
RESIN,4;
PLUG,4;
ELECTRONIC,4;
LAYER,4;
BETWEEN,4;
resistant,4;
acquisition,4;
INDUSTRIAL,4;
coke,4;
LEADING,4;
Hypergolic,4;
chambers,4;
External,4;
environments,4;
indicator,3;
DRIVING,3;
flammable,3;
Rechargeable,3;
pyrolysis,3;
growth,3;
plane,3;
MICROTURBOMACHINERY,3;
STRONTIUM,3;
CERAMIC-ENCASED,3;
APPLICATION,3;
COMBINATION,3;
infrared,3;
alkane,3;
fleet,3;
geometry,3;
(MTO),3;
MISSION,3;
STRUCTURAL,3;
counter,3;
BRANCHED,,3;
ONBOARD,3;
ENHANCEMENT,3;
component,3;
efficiency,,3;
ANTI-STATIC,3;
VULCANIZATES,3;
VANES,3;
CALCULATION,3;
DISPLAY,3;
exposed,3;
CONDUCTIVITY,3;
MULTI-STAGE,3;
RADIAL,3;
combination,3;
management,,3;
REFINING,3;
VORTEX,3;
Arc,3;
airspeed,3;
ANAEROBIC,3;
INERT,3;
TRAPPED,3;
CONTROLLED,3;
layer,3;
relevant,3;
STRESS-RELIEF,3;
Sailing,3;
HYDRATION,3;
firebay,3;
WHICH,3;
VELOCITY,3;
variable,,3;
handling,3;
leading,3;
mixtures,3;
Personal,3;
DOMAINS,3;
SOFC,3;
Thermally,3;
surfaces,3;
Management,3;
Environmentally-clean,3;
actigraph,3;
shield,3;
MULTI-COPTER,3;
Vorrichtung,3;
Chemical,3;
DIGITAL,3;
Carburetor,3;
COMPLEX,3;
EINES,3;
SEPARATIONS,3;
contaminants,3;
maintenance,3;
trainer,3;
turboprop,3;
stabilizing,3;
pumping,3;
molecule:,3;
kiosks,3;
ABLATION,3;
Pulse,3;
kerosene,,3;
automated,3;
PARAFFINS,3;
(MCIN),3;
fatty,3;
multi-scaled,3;
ETHER,3;
RANGE,3;
CONTAMINANTS,3;
biofertilizers,3;
per,3;
body,3;
sheet,3;
ASPHALT,3;
Verwendung,3;
intermediate,3;
INTERMEDIATE,3;
INANIMATE,3;
RECESSION,3;
MOVING,3;
Biorenewable,3;
VEHICLES,,3;
NAPHTHAS,3;
LIFE,3;
logging,3;
DEOXYGENATE,3;
AUTOGENOUS,3;
mitigation,3;
CRUDE,3;
lignin,3;
resin,3;
MOST,3;
storage,,3;
LIPIDS,3;
IMPROVEMENT,3;
display,3;
FULLY,3;
Operating,3;
charging,3;
FLUID-TIGHT,,3;
routed,3;
HYDRODYNAMIC,3;
upgrades,3;
CERAMIC,3;
CABIN,3;
PHYLLOSILICATES,3;
COSTS,3;
NUCLEAR,3;
characteristics,3;
ventilation,3;
hydrotreatment,3;
autonomous,3;
Premixed,3;
content,3;
INCREASING,3;
GASIFIER,3;
reporting,3;
ABSORBING,3;
Mixtures,3;
model,3;
FACILITATING,3;
induction,3;
SINTERING,3;
gaseous,3;
AFTERBURNER,3;
SPRAY,3;
COLLECTIVE,3;
sustain,3;
actuator,3;
thermally,3;
lines,3;
Aero,3;
PLAY,3;
tow,3;
starter,3;
RECHARGEABLE,3;
METHOD,,3;
LIGHTER,3;
fail-safes,3;
capabilities,3;
SUITED,3;
ALCOHOLS,3;
bar,3;
CHANGES,3;
density,3;
hoses,3;
徐放性二重壁マイクロカプセル,3;
Polished,3;
bioremediation,3;
ANIMAL,3;
AIR-INDUCED,3;
subsystems,3;
TILT-ROTOR,3;
COPOLYMER,3;
SPANNING,3;
CAVITATION,3;
PACKAGED,3;
liquids,3;
DERIVATION,3;
TRACKING,3;
Lager,3;
turbines,3;
OBJECT,3;
agents,3;
Object,3;
Electrically,3;
removal,3;
acid,3;
REBREATHER,3;
curved,3;
SCRAMJET,3;
Injector-igniter,3;
SINGLE,3;
TELECOMMUNICATIONS,3;
prediction,3;
ATOMIZING,3;
Aerospace,3;
Hypersonic,3;
DETACHABLE,3;
spray,3;
exploration,3;
global,3;
EXTERNAL,3;
INTEGRITY,3;
Drehkolbenkraftmaschine,3;
TRUCK,3;
EXCELLENT,3;
transport,3;
deoxygenation,3;
BREAKING,3;
火災抑制システム,3;
Shaping,3;
runway,3;
suitable,3;
SELECTIVE,3;
CRACKED,3;
provide,3;
Generating,3;
flying,3;
aisle,3;
Catalyst,3;
configuration,3;
any,3;
Monolithic,3;
holistic,3;
corona,3;
APART,3;
SEA,3;
CONTENT,3;
Or,3;
lightweight,3;
INTEGRATION,3;
OXYMETHYLENE,3;
oxides,3;
MOVEABLE,3;
kit,3;
Internal,3;
SURFACES,3;
Olefins,3;
LAMINAR,3;
Injector,3;
public,3;
OILS,,3;
trans-orbital,3;
conducted,3;
Fermentation,3;
ORIGIN,3;
lifting,3;
aeroengine,3;
Seal,3;
sowie,3;
REMOVAL,3;
mid-air,3;
POROUS,3;
resources,3;
Towable,3;
Microbial,3;
MULTISTAGE,3;
COMPRESSED,3;
PEROXIDE,3;
CYCLIC,,3;
thermochemical,3;
spark,3;
MUNICIPAL,3;
SEMI-AUTOMATIC,3;
ENRICHMENT,3;
igniter,3;
Blended,3;
Liquids,3;
Laser,3;
(SPK),3;
Training,3;
RELEASE,3;
digital,3;
Pressurized,3;
regarding,3;
fermentation,3;
lubrication,3;
DIESEL,3;
INVERSE,3;
health,3;
PHOTOLUMINESCENT,3;
gun,3;
Generator,3;
STARTUP,3;
Structured,3;
deposits,3;
bearing,3;
UNITS,3;
生物学的原材料から得られたパラフィンフラクションを含む組成物及びそれを製造する方法,3;
BIO-OIL,3;
Passive,3;
SITU,3;
LASER,3;
materials,,3;
WIND,3;
Continuous,3;
improve,3;
CATALYST,,3;
BURNING,3;
plan,3;
providing,3;
CARBIDE,3;
engine,,3;
LOW-CARBON,3;
PROVIDE,3;
freight,3;
Graphene,3;
LIBERATION,3;
robotics,3;
die,3;
parameters,3;
Supply,3;
AUTOMATIC,3;
CATALYZED,3;
single,3;
driving,3;
Autogyro,3;
OBTAINING,3;
flame,3;
manganese,3;
guided,3;
MANAGING,3;
matrix,3;
nanoparticles,3;
ZUM,3;
Piezoelectric,3;
methane,3;
EMISSIONS,3;
2-spool,3;
SUPERSONIC,3;
Lightweight,3;
INSPECTING,3;
clean,3;
Purebred,3;
additives,3;
INHIBITORS:,3;
PASSIVE,3;
GLYCERIDES,3;
Fault-tolerant,3;
Heat,3;
ANY,3;
against,3;
NOX,3;
firefighter,3;
Universal,3;
Ejectable,3;
SYNTHETICALLY,3;
Ceramic,3;
RAILROAD,3;
VERFAHREN,3;
SHAFT,3;
olefinic,3;
DRAG,3;
geophysical,3;
antioxidants,3;
state,3;
boundary,3;
ISOPRENE,3;
accountable,3;
FORCE,3;
HYDROPROCESSING,3;
computer,3;
AVOIDANCE,3;
Platform,3;
Products,3;
SCHEDULING,3;
airplanes,3;
biological,3;
Two-stage,3;
nacelles,3;
service,3;
den,3;
Machine,3;
oleaginous,3;
walkway,3;
YIELDS,3;
biodiesel,3;
Chemicals,3;
accomplishing,3;
INTELLIGENT,3;
reduced,3;
HYDROTREAMENT,3;
CREATING,3;
airport,3;
FORMATIONS,3;
ALTERED,3;
aero,3;
pollution,3;
wind,3;
PLATE,3;
FORM,3;
waves,3;
drivers,3;
NANO-GRAPHITIC,3;
closed,3;
blendstock,,3;
PROPANOL,3;
SUBSTANCES,3;
Impact-Absorbing,3;
moiety,3;
GRAIN,3;
SMALL,3;
Erzeugung,3;
STABILIZING,3;
swirler,3;
UPON,3;
STREAMS,3;
CONDITIONS,3;
DENSITY,3;
SINGLE-STEP,3;
removing,3;
HEATED,3;
therefor,3;
Lignocellulosic,3;
steam,3;
Quarls,3;
FINISHING,3;
QUALITY,3;
Apparatuses,3;
release,3;
GASES,3;
ONE-STEP,3;
ENGINE,,3;
Adaptive,3;
balloon,3;
mode,3;
hypersonic,3;
vapor,3;
FABRICATING,3;
LEVEL,3;
GROUND,3;
METATHESIS,3;
ORGANISMS,3;
casing,3;
Lean,3;
biodegradable,3;
PENDING,3;
MATTER,3;
radar,3;
Battery,3;
Dioxide,3;
PROFILES,3;
DENSE,3;
ON-BOARD,3;
number,3;
crude,3;
optimization,3;
defining,3;
SPONGES,3;
QUARLS,3;
LONG-CHAIN,3;
DISTRIBUTED,3;
KIOSKS,3;
AERODYNAMIC,3;
CONCENTRATE,3;
thermally-integrated,3;
PLURALITY,3;
IGNITER,3;
oils,3;
afterburner,3;
CLIMATE,3;
Zeolite,3;
CURRENT,3;
Enhancement,3;
design,3;
LUBRICATING,3;
mixture,3;
ionization,3;
OXYGEN-FREE,3;
oder,3;
DIFFERENT,3;
laser,3;
ACTIVE,3;
CARBOHYDRATES,3;
autogyro,3;
effect,3;
REGENERATIVE,3;
THROUGH,3;
disk,3;
PASSENGER,3;
plastic,3;
controlled,3;
STRUCTURE,,3;
MICELLAR,3;
rapid,3;
HORIZONTAL,3;
stop,3;
molybdenum-based,3;
Recovery,3;
unauthorized,3;
INTERLOCK,3;
TCAS,2;
PUNCTURE-RESISTANT,2;
dual-fuel,2;
Decahydronaphthalene,2;
Deflector,2;
travel,2;
Communicating,2;
characterization,2;
low,,2;
Tilt-rotor,2;
launch,2;
remotely-piloted,2;
peaks,2;
achieve,2;
cable,2;
RF,2;
evaluation,2;
Flugzeuge,2;
LOW-BTU,2;
pipeline,2;
farm,2;
FRAMEWORK,2;
新規な往復動機械およびその他の装置,2;
STOICHIOMETRIC,2;
port,2;
Number,2;
Bio-Oils,2;
Facile,2;
Feuerlöschen,2;
HALON,2;
acid,,2;
rigidized,2;
Rocket-powered,2;
intelligent,2;
OBJECTIVE,2;
Luftfahrzeug,2;
DRIVETRAIN,2;
VITAL,2;
stocks,2;
Biodiesel,2;
Chemoautotrophic,2;
alloy,2;
MOUNTING,2;
FUEL-BASED,2;
(dynastat),2;
FLAP,2;
radical,2;
molten,2;
MULTI,2;
TILTING,2;
esp.,2;
GLOBAL,2;
Lignin-Solvent,2;
FRICTIONAL,2;
cylinder,2;
BIO-ETHANOL,2;
RELIABLE,2;
glucosinolates,2;
Brennprozess,2;
BIOMAGNETIC,2;
resourcing,2;
AIRFOIL,2;
Betreiben,2;
HYDROUS,2;
CLEAN,2;
Gradiator,2;
BUTENES,2;
Fused-ring,2;
GOODS,2;
Controlling,2;
demand,2;
GROUNDING,2;
AVOID,2;
composites,2;
stepper,2;
agent,2;
SPENT,2;
AIR,,2;
transporter,2;
CONTROLLABLE,2;
cartridge,2;
LOOSE,2;
ALL,2;
Hilfsgenerator,2;
REDUCE,2;
Plasma-catalyzed,,2;
soil,2;
DISTILLATES,2;
Mach,2;
deployment,2;
salts,2;
WINDOW,2;
SEQUESTRATION,2;
SWIRLER,2;
HOLISTIC,2;
Monitoring,2;
"""SO-120"",2";
シリコーンポリマー,2;
servo,2;
(DIRCM),2;
Reliable,2;
elimination,2;
abrasive,2;
DC,2;
ALGAE,2;
goods,2;
Manufacture,2;
Genetically,2;
capable,2;
optical,2;
ship,2;
comprises,2;
INHIBITING,2;
carbide,2;
synthases,2;
medicine,2;
TERRAIN,2;
induced,2;
PANEL,2;
DMFCs,2;
Fatty,2;
再生可能な生成物を製造するためのプロセス,2;
REFORMER/CPN,2;
new,2;
Common,2;
Transient,2;
INSURANCE,2;
Organic,2;
SECTION,2;
燃焼器の運転効率と排出性能を最大化できる燃焼装置,2;
SECTIONS,2;
Gasturbinenanlage,2;
CARGO,2;
burning,2;
RESISTANT,2;
domains,2;
CHARGED,2;
IN-SITU,2;
reduction,2;
reactive,2;
Cyclic,2;
ROTATION,2;
configured,2;
FUELING,2;
ASSEMBLY,,2;
Converting,2;
über,2;
ガソリンエンジンの燃料送出システム、空気取り入れシステムおよび燃焼室を清浄化させるための組成物,2;
blending,2;
Crash,2;
Separation,2;
fluids,2;
technique,2;
benetzende,2;
KINGDOMS,2;
CONCEPT,2;
hot,2;
fine,2;
incendivity,2;
latch,2;
log,2;
TECHNIQUES,2;
Mittel,2;
OLIGOMERIZATION,2;
TURBULENCE,2;
Pure,2;
Unsupported,2;
doors,2;
commercial,2;
electro-photosynthesis,2;
CLONING,2;
WATER,,2;
MAINTAINING,2;
POWER-TO-X,2;
PYROLYSIS/OXIDATION,2;
Formulation,2;
Thermally-Integrated,2;
rockets/,2;
All-Steam,2;
prototyping,2;
can,2;
cultural,2;
HETEROPOLYACID,2;
mixed,2;
Spill,2;
security,2;
REPLACEABLE,2;
Preserving,2;
und/oder,2;
along,2;
apart,2;
obtained,2;
silicon,2;
FAIRING,2;
【発明の名称】スプレイノズル及びその製造方法,2;
AIRBAGS,2;
Regenerative,2;
Employing,2;
technology,2;
balance,2;
remotely,2;
CHEMOAUTOTROPHIC,2;
main,2;
graphene,,2;
LAUNCH,,2;
RING,2;
Vermeidung,2;
cloning,2;
REINFORCED,2;
under,2;
CG,2;
apparatuses,2;
FOAMS,2;
FILM-FORMING,2;
MOLYBDENUM-BASED,2;
THROAT,2;
Capture,2;
Hybrid-Electric,2;
INDICATION,2;
(eVTOL),2;
SUPERCONDUCTING,2;
GLIDER,2;
ignition,,2;
FOUR,2;
TESTING,2;
SIMULATION,2;
RELEASING,2;
INTERFERENCE,2;
fraction,2;
EFFERVESCENT,2;
partial,2;
STEERING,2;
DRONE,2;
four,2;
ENGINEERED,2;
ALMOST,2;
SPACECRAFT,2;
Middle,2;
LOAD,2;
operated,2;
SENSOR,2;
boosters,,2;
MAKE,2;
AEROSPACE,2;
isoprene,2;
Turbocraft,2;
desparity,2;
gasolines,2;
Diesel,2;
tricyclic,2;
impact,2;
synthesizing,2;
TRANSPARENT,2;
yield,2;
scrubbing,2;
Providing,2;
multi-mission,2;
FURAN,2;
ALLOYED,2;
DRAG,,2;
separations,2;
Techniques,2;
POINT,2;
B,2;
horizontally,2;
takeoff/landing,2;
AUGMENTED,2;
COMPUTER,2;
endothermic,2;
wastes,2;
moveable,2;
ORTHO-PHOSPHATE,2;
FIBER-REINFORCED,2;
transparent,2;
protecting,2;
INJECTORS,2;
direct,2;
building,2;
Fail-operational,2;
vehicular,2;
pre-refined,2;
energies,2;
adaptively,2;
RAILWAY,2;
(CO2),2;
emulsion,2;
ENVIRONMENTALLY-CLEAN,2;
MULTICOPTER,2;
ROBOT,2;
Cooling,2;
Radical,2;
paraffin,2;
automatic,2;
particle,2;
opposed,2;
AUS,2;
EVAPORATOR,2;
homogeneous,2;
EXPOSED,2;
syngas,2;
already,2;
CAPABILITY,2;
ENTERTAINMENT,2;
CROSS,2;
Fast,2;
Partial,2;
Bioremediation,2;
ELEVATED,2;
enriched,2;
throttle,2;
enthaltende,2;
yields,2;
5-methyl-2-furoic,2;
Secure,2;
electrostatic,2;
LATTICE,2;
Fluorocarbon,2;
balloon/airship,2;
KEROGEN,2;
FORMAT,,2;
waste,,2;
Inductive,2;
spanning,2;
WATER-BASED,2;
thereby,2;
Useful,2;
microorganisms,2;
POST-EVENT,2;
initialization,2;
Tubular,2;
LUBRICANTS,,2;
CHARGE,2;
retrofit,2;
oxygenates,2;
facilitating,2;
stabilize,2;
Herstellungsverfahren,2;
START,2;
Structure,,2;
Radial,2;
needs,2;
Geared,2;
DIMERIZATION,2;
sesquiterpenes,2;
ice,2;
COSMIC,2;
CIVIL,2;
FERMENTATIVE,2;
MONOXIDE,2;
PLAN,2;
actuators,2;
electronic,2;
Comparative,2;
HYDROCARBONS,,2;
ROUTING,2;
azides,2;
gel,2;
METHANOL,2;
NON-CONTACT,2;
Sustained,2;
Biochemical,2;
noise,2;
oilseed,2;
AEROGELS,2;
Nozzle,2;
dimensional,2;
genomes,2;
implement,2;
SUBSURFACE,2;
PENETRATION,2;
CONTROLLER,2;
Offshore,2;
ink,2;
times,2;
COATED,2;
MOVEMENT,2;
徐放性マイクロカプセル,2;
Trans-orbital,2;
冷却フィンを備えたケーシングを有するガスタービンエンジン,2;
Jet,2;
active,2;
fabricating,2;
SLOTTED,2;
VAPORISATION,2;
MAGNETOHYDRORESONANT,2;
TALL,2;
Polyfurcous,2;
COOLANT,2;
FREE,2;
COMPRISES,2;
SUBSTANCE,2;
C1-SUBSTRATES,2;
reforming,2;
pad,2;
Compact,2;
SURFACE,,2;
RESISTANCE,2;
nitrogen,2;
TAKEOFF/LANDING,2;
turbo-machine,2;
"""SO-80"",2";
conditioner,2;
manipulating,2;
is,2;
OUTPUT,2;
Ramjet,2;
Swirler,2;
INFILTRATION,2;
LOW-OCTANE,2;
Interdigitated,2;
WINGS,2;
ADJUSTING,2;
CHAIN,2;
ATMOSPHERIC,2;
INLET,2;
counterswirling,2;
metering,2;
Coating,2;
conduit,2;
FERMENTATION,2;
OPERATIONAL,2;
ESCAPE,2;
MINERAL,,2;
Lignin-solvent,2;
EXPENDABLE,2;
AERONAUTICAL,2;
CARBON-NEUTRAL,2;
DIRECT,2;
ELECTROCHEMICALLY,2;
METHANE-SULFONIC,2;
HOST,2;
concentrate,2;
tar,2;
INDUCED,2;
ULTRASONIC,2;
monitor,2;
Prognostic,2;
LOADS,2;
olefin,2;
NET,2;
layered,2;
PRESERVING,2;
cooperative,2;
UNSTEADY,2;
SET,2;
mikrobiellem,2;
OXYHYDROGEN,2;
transient,2;
different,2;
Dreistufiger,2;
SAVINGS,2;
wheel,2;
ALTITUDE,2;
STEEL,2;
lower-molecular,2;
pollutants,2;
low-Btu,2;
mounting,2;
TWO-STAGE,2;
"""SO-100"",2";
ANHYDROUS,2;
molecular,2;
Times,2;
SAILING,2;
GAUGING,2;
Breaking,2;
Robust,,2;
RE-ENTRY,2;
VOLTAGE,2;
airship,2;
(McIn),2;
edges,2;
FOAMABLE,2;
BIODIESEL,2;
cup,2;
LATCH,2;
post-event,2;
SECURE,2;
SAME.,2;
deren,2;
Mixed,2;
STATIONARY,2;
it,2;
Tuned,2;
GENERAL,2;
MONOTERPENE,2;
operational,2;
AIRSPACE,2;
lockout,2;
(SUPERFAN),2;
KINETIC,2;
ESCAPELET,2;
resistance,2;
refuse,2;
HYDROLYSIS/HYDROPROCESSING,2;
FORMED,2;
EFFECT,2;
Augmenter,2;
emissions,2;
BALLOON/AIRSHIP,2;
LOCATION,2;
PER,2;
Direct,2;
Counter,2;
(EVTOL),2;
ROAD,2;
IMPACT,2;
PURIFIED,2;
V/STOL,2;
INCENDIVITY,2;
STRESSES,2;
VERIFICATION,2;
COMPETITION,2;
Photoluminescent,2;
vibration,2;
MEDICINE,2;
LOADING,2;
reduce,2;
Four-cylinder,,2;
5-(chloromethyl)-2-furaldehyde,2;
DUCT,2;
CURRENCY,2;
storages,2;
Plasma-Catalyzed,,2;
four-cycle,,2;
turbo,2;
PRESSURE-FED,2;
REGULATING,2;
utilization,2;
SPECIFIC,2;
tribologically-beneficial,2;
ELIMINATES,2;
TROPOSPHERIC,2;
COMPRESSOR,2;
exit,2;
CAPACITY,2;
Treated,2;
racing,2;
Upset,2;
cartridges,2;
POUR,2;
internal-combustion,2;
SAFE,2;
PREVENTING,2;
Feuerverhütung,2;
ELECTRICITY,2;
組成物,2;
RESOURCES,2;
devices,,2;
methanol,,2;
Measuring,2;
Helicopter,2;
THEIR,2;
Telecommunications,2;
eVTOL,2;
crankcase,2;
injected,2;
森林管理システム,2;
IGNITABLE,2;
ACCORDING,2;
BOILING,2;
STACK,2;
Microwave,2;
To,2;
aerovehicle,2;
window,2;
multi-rotor,2;
PORTABLE,2;
spill,2;
Acids,2;
Tanks,2;
Supersonic,2;
box,2;
SUBSCRIPTION-BASED,2;
MAIN,2;
switch,2;
HIGH-OCTANE,2;
aeronautical,2;
FACILITATION,2;
conductive,2;
Operation,2;
competition,2;
TRAVELING,2;
EARTH,2;
low-,2;
Gel,2;
net,2;
anticipating,2;
FORMULATIONS,2;
ATTRIBUTES,2;
Energie,2;
SPARGING,2;
exchanger,2;
electrochemical,2;
RENDERED,2;
responsive,2;
STABILITY,2;
VEHICULAR,2;
SALT,2;
Manganese,2;
catalysts,2;
fold,2;
FISCHER-TROPSCH,2;
Homogeneous,2;
REACTOR,,2;
onto,2;
OPENINGS,2;
Multifuel,2;
Emissions,2;
Catalysts,2;
Co-axial,2;
meals,2;
LUFTFAHRZEUG,2;
transforming,2;
ENZYMES,2;
said,2;
floating,2;
CMAS,2;
GENOMES,2;
FORECASTING,2;
BIO-BASED,2;
increasing,2;
mast,2;
rotation,2;
registry,2;
ALKENE,2;
thereof,,2;
ANTICIPATING,2;
OPTIMISING,2;
low-and,2;
ALERTING,2;
ENERGY,,2;
packaging,2;
SUPPLEMENTAL,2;
IT,2;
Barrel-type,2;
ZINDLER,2;
MOUNTED,2;
Vernichtung,2;
Drive,2;
Design,2;
Foam,2;
CLASS,2;
Structures,,2;
Sprühdüse,2;
PRINTED,2;
WINDBAGS,2;
MARINE,,2;
CATASTROPHIC,2;
Directed,2;
HYDROXYCYCLOALKANES,2;
ORBITAL,,2;
extraction,2;
RIGIDIZED,2;
high-protein,2;
combustor/generator,2;
phase,2;
AEROVEHICLE,2;
Sequential,2;
DETECTING,2;
PERMANENT,2;
Power-to-X,2;
TRIPLE-FUSELAGE,2;
SAME,,2;
REMOTE,2;
SERIES,2;
photocatalytic,2;
damping,2;
INFLATION,2;
CONDUIT,2;
Submersible,2;
Manifold,2;
cyclic,2;
displaying,2;
CIRCUIT,2;
methane-sulfonic,2;
FLAMMABLE,2;
Geometry,2;
Nebenläufern,2;
共通入口プレナム及び共通出口プレナムを有する積重ね可能な燃料電池発電機構成,2;
presence,2;
PARTICLES,2;
COMPOUNDS,,2;
PIVOTALLY,2;
Treatment,2;
class,2;
TURBOFAN,2;
HYDRORESONANT,2;
EXPLOSIVE,2;
SMOOTH,2;
upon,2;
driver,2;
countermeasures,2;
"""SO-70"",2";
dependent,2;
tactical,2;
lubricated,2;
VIBRATION,2;
PEAK,2;
ENERGIZING,2;
DESALINATED,2;
Terpene,2;
NATIONAL,2;
Butanol,2;
trajectories,2;
METHANOL,,2;
Core,2;
heavier,2;
NEEDS,2;
setpoints,2;
where,2;
activation,2;
catalyzed,2;
increased,2;
pending,2;
infinitely,2;
attachment,2;
POLYIMIDE,2;
pump,2;
CAN,2;
Density,2;
location,2;
Trifluid,2;
EDGE,2;
Brennprozess.,2;
BLEACHING,2;
DIMERIZATION/OLIGOMERIZATION,2;
electrode,2;
middle,2;
non-flammable,2;
FAULT,2;
overheat,2;
EFFECT,,2;
EFFLUENT,2;
Bewuchs,2;
uses,,2;
カーボンナノチューブ被覆電線およびその施工方法、識別マークの検出方法,2;
TURBOMACHINE,2;
Positive-displacement,2;
economic,2;
AUTOMATED,2;
UNSATURATED,2;
パッケージ化推進薬空気誘導可変推力ロケット・エンジン,2;
PROTECTIVE,2;
FUEL-SAVING,2;
Co2,2;
sands,2;
filmbildende,2;
fuselage,2;
warning,2;
satellite,2;
MICROBES,2;
Protection,2;
pilot,2;
BEARING,2;
NAVIGATIONAL,2;
INTEGRAL,2;
piston,,2;
expander,2;
lift,2;
FORCING,2;
RECEIVING,,2;
Heliplane,2;
TURBINES,2;
properties,2;
BYPASS,2;
Safety,2;
Material,2;
liberation,2;
grain,2;
algal,2;
Antrieb,2;
DAMPING,2;
Environment,2;
Anhydrous,2;
EMBODIMENT,2;
pre-cooling,2;
(SOLAR,2;
supernormal,2;
biochemical,2;
zumindest,2;
ION-EXCHANGE,2;
GENERATOR,,2;
UNDER,2;
construction,2;
Heating,2;
detachable,2;
BOUNDARY,2;
WORKING,2;
infiltration,2;
Over-ride,2;
Steuerung,2;
Thorium,2;
ACCOMPLISHING,2;
Ortho-phosphate,2;
Cleaning,2;
unsteady,2;
aliphatic,2;
VOLUME,2;
ADAPTATION,2;
scramjet,2;
interface,2;
Quiet,2;
CONTROLLER,,2;
Spectrum,2;
time,2;
SHEETS,2;
Recycling,2;
Clamp,2;
ENGAGING,2;
TEXTILES,2;
Enhanced,2;
Tilt,2;
Combined,2;
absorbers,2;
assisted,2;
ABLATIVE-COOLING,2;
DECOMPOSITION,2;
Single,2;
tasks,2;
CRAFT,2;
zu,2;
RULES,2;
RADIATIVE,2;
THAT,2;
ESTERS,2;
manifold,2;
Turbo,2;
CAPTURED,2;
ZUR,2;
oxygenating,2;
motors,2;
Venturiless,2;
HEAVIER,2;
WIND),2;
ADULTERATED,2;
recovering,2;
Pollution,2;
structural,2;
brige,2;
interdigitated,2;
limited,2;
MODULE,2;
explosion,2;
running,2;
Float,2;
Geared-neutral,2;
Oxide,2;
SENSITIVITY,2;
CIRCULATING,2;
FLUOROCARBON,2;
Highly,2;
costs,2;
FAIL-OPERATIONAL,2;
SEAL,2;
Methanol,2;
conditioning,2;
biomass-derived,2;
Ignition-quenching,2;
protect,2;
Integral,2;
Propeller,2;
FÜR,2;
EIN,2;
BATTERY,,2;
BIOREMEDIATION,2;
Microorganisms,2;
SUPPORTING,2;
Kohlenwasserstoff,,2;
Traffic,2;
NANOPARTICLES,2;
DISC,2;
PAD,2;
FILTER,2;
ratio,2;
UNSUPPORTED,2;
premixed,2;
biplane,2;
application,2;
LIGNOCELLULOSIC,2;
TARGETED,2;
Mantelluftstromtriebwerk,2;
COMPUTER-IMPLEMENTED,2;
All-steam,2;
atomizing,2;
Capillary,2;
winged,2;
urban,2;
Logging,2;
ELEMENT,2;
"""SO-110"",2";
HYDROGELS,2;
EMITTING,2;
IMPACT-RESISTANT,,2;
valveless,2;
STABLE,2;
primary,2;
NUMBER,2;
DOOR,2;
0,2;
SELBSTRAGEND,,2;
STAGE,2;
universal,2;
indication,2;
peak,2;
transition,2;
Windenergieanlage,2;
DETERMINATION,2;
Performance,2;
Charge,2;
play,2;
RECYCLABLE,2;
C2+,2;
INVOLVING,2;
DESTRUCTION,2;
GRAPHENE,2;
arranged,2;
AUTHENTICATION,2;
SHOCK,2;
esters,2;
carbon-neutral,2;
positively,2;
enhancing,2;
OPEN,2;
numbered,2;
VGO,2;
Accomplishing,2;
Characterization,2;
WATERBAGS,2;
beam,2;
Generation,2;
fighter,2;
Assembly,2;
STAGNANT,2;
MILL,2;
THEREFOR,2;
RECIPROCATING,2;
Augmentor,2;
COMMON,2;
sintering,2;
hydrotreating,2;
COUNTER,2;
SENSING,2;
ETHANOL,2;
integrity,2;
LIMITING,2;
TOXICITY,2;
TORSIONAL,2;
MANIPULATING,2;
Formulierungen,2;
katalytischen,2;
ALTERNATIVES,2;
Pollutants,2;
fiber,2;
Operations,2;
FAILURES,2;
バイオマスからの有機化合物を一部含有する航空燃料,2;
SENSORS,2;
SAUCER,2;
OSCILLATIONS,2;
DEOXYGENATION,2;
SPONTANEOUS,2;
RECYCLING,2;
Effervescent,2;
FAST,2;
graphene,2;
disc,2;
cell/combustor,2;
Pressure,2;
duct,2;
ULTRA,2;
CARINATA,2;
performed,2;
PRIVATE,2;
ISO-OLEFINIC,2;
external,2;
altitude,2;
formations,2;
FLASH,2;
functions,2;
Block,2;
MAGNETIC,2;
REMOTELY-PILOTED,2;
FAMILIES,2;
CURVE,2;
ALONG,2;
deflector,2;
Tandem,2;
バイオ再生可能ケロシン、ジェット燃料、ジェット燃料ブレンドストック、および製造方法,2;
Wäßrige,,2;
responsible,2;
ETHYLENE,2;
SETPOINTS,2;
BOOSTER,2;
FIRST,2;
HYDROGEN,,2;
STOCK,2;
non-equilibrium,2;
hydrocarbons,,2;
stroke,2;
international,2;
BATTERY),2;
retorting,2;
Strömungsmaschine,2;
stresses,2;
propeller,2;
VERWENDUNG,2;
acoustical,2;
flap,2;
flash,2;
FOLD,2;
VALIDATING,2;
STROKE,2;
PROPELLER,2;
フラッシュバックバリアを備えた火花一体型推進薬噴射器ヘッド,2;
reciprocating,2;
water-based,2;
systemTM,2;
HYDROPHOBIC,2;
微生物感染症の治療及び予防,2;
elements,2;
top-quality,2;
SUITABLE,2;
LEAST,2;
ACID,,2;
Load,2;
tuning,2;
Seabasing,2;
which,2;
SECURITY,2;
ACE,2;
FRACTIONS,,2;
植物脂質から工業製品を製造する工程,2;
TRANSMITTING,2;
OVER,2;
system,,2;
fueling,2;
dynamic,2;
drag,2;
NON-FLAMMABLE,2;
various,2;
Idle,2;
ROBOTICS,1;
Energieeffiziente,1;
THROTTLE,1;
CARBOHYDRATE,1;
connected,1;
RESOURCE,1;
inverted,1;
Petroleum,1;
shroud,1;
Atemgas,1;
Alkalisulfonate,1;
blendstocks,1;
Dual-Fuel,1;
Flammable,1;
bicyclic,1;
Tracking,1;
enhancement,1;
airflow,1;
ELECTRICALLY,1;
DISPENSING,1;
EXPLOSION,1;
APPLICATION,,1;
HYPERTHERMOPHILIC,1;
SERVICE,1;
TERPENES,1;
REDUNDANCY,1;
TRACTION,1;
BIPOLAR,1;
fuel-hot-melt-arc-firing,1;
augmentor,1;
extension,1;
CROSS-SECTION,1;
turf,1;
networked,1;
"""KARAVAN"",,1";
prop-rotor,1;
Acoustic,1;
POLARITY,1;
ACCUMULATOR,1;
erhaertende,,1;
FLUGZEUG,1;
wall,1;
air-to-air,1;
HIGH-QUALITY,1;
fuelling,1;
gas-fired,1;
hyperbaric,,1;
gratvity,1;
fused-ring,1;
retirements,1;
stabilizer,1;
dimer,1;
THREE,1;
OLEFIN,1;
transport/crane,1;
Turbo-Strahlmaschinen,1;
"VELOTRAIN"",1";
DEOXYGENATION,,1;
multistage,1;
joint,1;
scaling,1;
used,1;
TURBINE,,1;
Application,1;
Water,1;
conditioners,1;
drift,1;
THEREBY,1;
ELECTRIFIED,1;
PURE,1;
SLIDING,1;
FISSION,1;
airfield,1;
VALVING,1;
EMPENNAGE,1;
ARM,1;
amino,1;
PASSAGEWAYS,1;
even,1;
(SAF),1;
KOLBE,1;
MANUFACTURED,1;
TURBOCRAFT,1;
CO-SOLVENTS,1;
SESQUITERPENES,,1;
Mix,1;
Aqueous,1;
HIGHLY-CONDUCTIVE,1;
MODIFYING,1;
Thermocleavable,1;
Tuning,1;
submersible,1;
sealants,1;
AROMATIC,,1;
Loading,1;
NON-UNIFORM,1;
FUNCTIONS,1;
oxidant,1;
Durable,1;
detectors,1;
Wind,1;
Having,1;
Multiphase,1;
odd,1;
CART,1;
GRAPHENE,,1;
発電のための方法及び太陽電池式の風力発電装置,1;
ガソリン,1;
Geschwindigkeit,1;
critical,1;
Rigid,1;
Reforming,1;
FESCUE,1;
Axial,1;
Data,1;
biogas,1;
present,1;
Biofuels,1;
reales,1;
geeignete,1;
MULTI-TANK,1;
Gasturbinen,,1;
orbit,1;
turbo-generator,1;
joined,1;
morphing,1;
purpose,1;
forecasting,1;
AGR044-312D,1;
RECYCLE,1;
COOKING,1;
Framing,1;
Kraftanlagen,1;
schädliche,1;
heat-engine-driven,1;
Clean,1;
SPILL,1;
ANTIOXIDANTS,1;
roasters,1;
powerplant,1;
piloting,1;
RESIDUAL,1;
spectral,1;
SPECTROMETRY,1;
composite-based,1;
AERIAL-TO-GROUND,1;
Staging,1;
BURST,1;
Colloidal,1;
PURIFICATION,1;
within,1;
inoperative,1;
FOLDING,1;
TUBULAR,1;
subsequent,1;
FUER,1;
sucking,1;
residues,1;
HANDLING,1;
magnesium,1;
ethers,1;
UPSTREAM,1;
pivotally,1;
National,1;
Superfragile,1;
“SO-90”,1;
DH-040.008,1;
simulating,1;
thereto,1;
field,1;
Dielectric,1;
V-TAIL,1;
CHANGE,1;
VERIFYING,1;
sheets,1;
office,1;
POLYOLS,1;
waveguide,1;
MICRONUTRIENT,1;
evacuating,1;
Porous,1;
SORTABLE,1;
fueled,1;
END,1;
Dimerization/Oligomerization,1;
AIRFIELD,1;
ZIRCONIUM,1;
telescoping,1;
layers,1;
turbine-air,1;
FLUORINE,1;
Druck,1;
dynamics,1;
Cyclic,,1;
Montgolfier,1;
Deposit,1;
rise,1;
modified,1;
tip-jet,1;
inter-vehicle,1;
CONTAMINATED,1;
Fractions,1;
SCRUBBING,1;
PULL-THROUGH,1;
panels,1;
MECHANICAL,1;
COMPREHENSIVELY,1;
condenser,1;
ROD,1;
BIPROPELLANT,1;
DEPOSITS,1;
adaptor,1;
TAXIING,1;
special,1;
Tip,1;
waterproof,1;
火炎抑制システムおよび航空機用火炎抑制システム,1;
mix,1;
CO2-enriched,,1;
Waste-based,1;
modules,1;
Requiring,1;
stream,1;
framing,1;
erhöhten,1;
Anfahren,1;
dgl.,1;
微生物でグラフェンオキシドを還元することによって窒素および硫黄でグラフェンをドープする方法、それにより得られた窒素および硫黄でドープされたグラフェンならびにその使用,1;
Motor,1;
MONITOR,1;
Hydrocarbon-Based,1;
ZETA,1;
tests,1;
DATUM,1;
BUOYANT,,1;
LIFT,1;
beaver-tail,1;
Discharge,1;
UTILISING,1;
upstream,1;
Sulfur,1;
LIQUID-FUELED,1;
roadable,1;
tandem,1;
turboshaft,1;
EITHER,1;
borhaltigen,1;
feeding,1;
Airplane,1;
Steam,1;
On,1;
Real-time,1;
propulsor,1;
PROVIDED,1;
WELL,1;
Cooled,1;
ingestion,1;
EVALUATION,1;
航空機のウィングボックスから発した気体及び/または液体が当該航空機の機体胴体部の中へ侵入することを防止する装置,1;
NIEDRIGEN,1;
ハイブリッド電動飛行機を使用する地域航空交通網を実施するためのシステム及び方法,1;
Resistance,1;
Biorecognition,1;
SECONDARY,1;
Asphalt,1;
(AKERS),1;
silicone,1;
EFFECTIVE,1;
collecting,1;
SHORT,1;
NANO-AERO,1;
dielectric,1;
option,1;
situation,1;
FEED,,1;
HYDRO-TURBINE,1;
Luftfahrzeuge,1;
ORTHO-PHOSPHATE,,1;
OVATUM,1;
BENEFIT,1;
AUTHORITY,1;
Multi-cylinder,1;
SUSTAINING,1;
DIESELFUEL,1;
Tertiary,1;
grinding,1;
Compound,1;
Bearing,1;
Improved,1;
3-DIMENSIONAL,1;
STATIC,1;
distrubuted,1;
Luftfahrzeugantriebssystem,1;
curing,1;
軟質ポリウレタンフォーム用の反応性難燃剤,1;
Vortriebsschub,1;
COMBUSTOR,,1;
BUS,1;
(MTJ),1;
Ace,1;
access,1;
parameter,1;
adhesion,1;
VERBINDUNGEN,1;
Musterfaktorsteuerung/regelung,1;
Inert,1;
plasma-catalyzed,,1;
Dimerization,1;
fire-suppression,1;
green,1;
'SO-60',1;
Convertiblade,1;
ultra,1;
LITHIUM-SELENIUM,1;
AEROPLANE,,1;
LANDENDES,HYBRID,1;
不均一系水素触媒反応器,1;
genannt,1;
SUSPENSION,1;
OXYFUEL,1;
paraffins,1;
Hydrogels,1;
Used,1;
insulator,1;
Networks,1;
irrigation,1;
USES,,1;
outer,1;
Flugzeugkonfigurationen,1;
ALL-STEAM,1;
OILSWITH,1;
nuclear,1;
Inflatable,1;
WASHING,1;
grid,1;
発射システム,1;
風エアエンジン、即ち燃料エネルギーの代わりに風力気圧が利用されるエンジン,1;
Pulsed,1;
core,1;
blockage,1;
shoe,1;
OBJECTS,,1;
Drift,1;
managing,1;
Produced,1;
displacement,1;
ANNULI,1;
Dense,,1;
effluents,1;
Charging,1;
COLLECTION,1;
redundancy,1;
Lasten,1;
EARTH'S,1;
energetischen,1;
【発明の名称】航空機の重量および重心表示器,1;
algae,1;
flameless,1;
Line,1;
ROTORCRAFT,,1;
pumps,1;
USE,,1;
LEVELS,1;
Semi-Trailers,1;
choice,1;
solid-state,1;
Ballistically,1;
Moiety,1;
turbosupercharger,1;
REVERSAL,1;
ihrer,1;
イオン性単元推進剤を用いて低圧で点火する高温ガス発生装置,1;
DEVICE,,1;
combines,1;
Extension,1;
launched,1;
Roasters,1;
fairing,1;
GLYCOL,1;
Auslösung,1;
FLUGKEROSIN,1;
BLENDSTOCK,1;
limit,1;
Aircraft,,1;
hubs,1;
Tight,1;
(BEV),,1;
Carbide,1;
MILITARY,1;
EXPANDABLE,1;
DOWNSTREAM,1;
Absolute,1;
mileage,1;
propellants,1;
DENSIFICATION,1;
deployed,1;
Underwater,1;
ASSISTED,1;
HELICOPTERS,1;
REALIZING,1;
bzw.,1;
SPOUTED,1;
"""MUVVER,1";
FIBRES,1;
aehnliche,1;
SYNGAS,1;
sustained-G,1;
rank,1;
MICROOGANISMS,1;
Convertible,1;
obtaining,1;
AV,1;
concepts,1;
condensing,1;
ABRASIVE,1;
GELLED,1;
CONDITIONING,1;
MINERAL-BASED,1;
Pressure-Based,1;
Cooler,1;
Storage,,1;
Fats,1;
フローにおいて用いるための会合性ポリマーおよび関連組成物、方法ならびにシステム,1;
Dreistufige,1;
Bildes,1;
CONCENTRIC,1;
Gasturbinenmotoren,1;
biorenewable,1;
One-step,1;
peroxide,1;
Life,1;
cooler,1;
BINDING,1;
tube,1;
communications,1;
boundaries,1;
breakaway,1;
Base,1;
オレフィンの二量化および／またはオリゴマー化のための非担持ヘテロポリ酸金属塩触媒,1;
"""GREEN"",1";
POWERING,1;
HYPERGOLIC,1;
FAME,1;
incorporating,1;
Stereolithographic,1;
Rocket,1;
driven,1;
hurricane),1;
maneuver,1;
Antioxidants,1;
SPRING,1;
aggregate,1;
INSTALLATION,1;
fats,,1;
co-generation,1;
Decarboxylative,1;
grasses,1;
procedures,1;
flame-arrestor,1;
AIRPORT,1;
INDUSTRY,1;
GAS-STEAM,1;
MICRO-QUANTITIES,1;
precipitator,1;
bioreactor,1;
FUEL-EFFICIENT,1;
depressurization,1;
tipjets,1;
Trim,1;
durable,1;
payload,1;
THEREFROM,1;
BLAST,1;
Ice,1;
ersten,1;
ITEMS,1;
CALCULATING,1;
CONVERSION-READY,1;
DRY,1;
Dynamics,1;
apparatuses,,1;
spent,1;
chemoautotrophic,1;
antiknock,1;
filter,1;
Enrichment,1;
subsurface,1;
EXPOSURE,1;
ALKANE,1;
RE-USABLE,1;
SET,,1;
Converter,1;
MIXER,1;
SUSPENDED,1;
hydrocarbon-contaminated,1;
DH-20.141,1;
safe,1;
Cruise,1;
als,1;
ELECTROLYSER,1;
RAPID,1;
REDUCTION,1;
APPARATUS,,1;
electron,1;
Contaminate,1;
HYDRIDES,1;
Spaceship,1;
blow-in,1;
Spacecraft,1;
DEPLOYING,1;
air-vehicle,1;
Derrieus,1;
Butanediol,1;
航空機の電力管理装置,1;
CHARACTERISTICS,,1;
Bereitstellung,1;
超音速燃焼器の着火方法及び着火制御装置,1;
INDEX,,1;
PLASMOLYSIS,1;
ION,1;
Functional,1;
Turbine,,1;
RESPONSE,1;
phosphorus,1;
utilization-based,1;
ELECTRIC-VEHICLES.,1;
program,1;
Quasi-isothermal,1;
PLASTICS,1;
WINGBOX,1;
Start/,1;
Brennraumanpassung,1;
AREAS,1;
EMULSIFIER.,1;
Emissionen,,1;
span,1;
Cobalt,1;
range,1;
Recovering,1;
Dynamically,1;
"""SO-90"",1";
dish,1;
90%,1;
cooled,1;
Inflight,1;
二重圧縮機４ホイールターボマシンを用いた環境制御システムの改善された予冷方法および航空機,1;
Schubrichtungsschwenkanlagen,1;
GAS.,1;
POLYISOBUTENE,1;
SURFACTANTS,1;
Electrochemical,1;
detecting,1;
attributable,1;
rescue,1;
(ACCELERATION),1;
Drehkolbenkraftmaschinen,1;
ortho-phosphate-vanadate,1;
GLIDING,1;
Nutzung,1;
seat,1;
EROSION,1;
frozen,1;
KIT,1;
di/dt,1;
HEAVY-DUTY,1;
IONIC,1;
Blade,1;
NANOTUBE,1;
NOSE,1;
EDDY,1;
Improving,1;
satisfy,1;
hazardous,1;
fires,1;
alkylbenzenes,1;
bio-renewable,1;
Wheeled,1;
Pumps,1;
alternating,1;
on-line,1;
Landungsbasis,1;
STEUERUNGSSYSTEM,1;
TRAP,1;
RELIGHT,1;
bus,1;
MULTI-WALLED,1;
stress-relief,1;
LITTER,,1;
Brayton,1;
SERVICES,1;
microbes,1;
Nannochloropsis,1;
5,1;
grid:,1;
zweites,1;
Ortho-phosphate,,1;
BLADES,1;
Multi-fuel,,1;
object,1;
naphthas,1;
LAND,1;
fatigue,1;
Hybrid-Rockets,1;
GREEN,1;
überbasischer,1;
Aufbereitung,1;
throat,1;
CAPACITIVE,1;
solvents,1;
cracking,1;
options,1;
reflection,1;
Open,1;
Flammenueberwachung,1;
Beeinflussung,1;
BY-PRODUCT,1;
LIQUEFYING,1;
TRICYCLIC,1;
Climate,1;
determination,1;
concentration,1;
monopropellants,1;
PET,1;
film-forming,1;
nutrients,1;
99%,1;
Augmenting,1;
ABGASGEHALT,1;
FORMULIERUNGEN,1;
CANARIUM,1;
GAGING,1;
COMPACT,1;
rendered,1;
CONCENTRATION,1;
CO2-STREAMS,1;
UNDERGROUND,1;
recovery,,1;
moderation,1;
Sintering,1;
Surface,1;
winglets,1;
AGR044-M06,1;
rate,1;
Damping,1;
INTENSIFICATION,1;
C3,1;
hemispherical-shaped,1;
SELECTING,1;
Gasturbine,1;
NITRIDABLE,1;
multi-axis,1;
vane,1;
Compressed,1;
RESCUE,1;
PYLON,1;
WIRE,1;
移動体運行管理システム,1;
ACCOUNTABLE,,1;
ANORDNUNGEN,1;
ZUSATZES,1;
AROMATISCHEN,1;
(RQL),1;
VENTURILESS,1;
EFFLUENTS,1;
inference,1;
SEGMENTED,1;
flowing,1;
MECHANICALLY,1;
measurement,1;
PROPULSORS,1;
REGION,,1;
モリブデンベースの触媒を用いることにより再生可能な起源の流出物を優れた品質の燃料に転化する方法,1;
glass,,1;
発火クエンチシステム、装置および方法,1;
handle,1;
priming,1;
asphalt,1;
dry,1;
PROJECTILE,1;
blow-out,1;
landings,1;
SPATIALLY,1;
be,1;
spectroscopy,1;
tape,1;
OXIDES,1;
arrangeable,1;
HANDLED,1;
ACCOUNTABLE,1;
LIFTING,1;
【発明の名称】一体パワーユニツト制御装置及び方法,1;
MULTIPLE-MODE,1;
Zero-emission,1;
reformulation,1;
AGENTS,1;
nano-catalysts,1;
combinations,1;
Combination,1;
Automatic,1;
treat,1;
indendently,1;
C4,1;
TISSUE,1;
BARREL-TYPE,1;
航空機用ガスタービン・エンジンの制御装置,1;
航空機の飛行中燃料補給のための方法およびステム,1;
ORIGINAL,1;
Aktive,1;
load,1;
Jet,,1;
occupancy,1;
configuring,1;
Optimizing,1;
NON-CIRCULAR,1;
‘SO-40’,1;
Analysis,1;
diese,1;
WALL,1;
Damper,1;
TAXI,1;
chlorate,1;
specific,1;
Paraffin,1;
airborne,1;
Energetic,1;
balancing,1;
eine,1;
【発明の名称】ロケットの第1段の再使用型ブースタ,1;
PASSENGERS,1;
elektrochemischen,1;
ACTIVATED,1;
mat,1;
Efficiency,1;
pipelines,1;
MCrAIY,1;
PROJECTS,1;
pavements,1;
CLEARANCE,1;
TRIBOLOGICALLY-BENEFICIAL,1;
multiphase,1;
EXCITER,1;
verification,1;
Buried,1;
xylidine,1;
Health,1;
Oxide-Based,1;
sorbing,1;
OIL-BEARING,1;
GAS,,1;
distributed,1;
strains,1;
BOUNDARIES,1;
thermoplastic,1;
Barrier,1;
mechanism,,1;
DECISION-SUPPORT,1;
タンデム翼および分散型推進システムを使用する新規の航空機設計,1;
cells,,1;
Borhaltige,1;
HETEROATOMS,1;
EXCESSIVE,1;
napthenic,1;
fame,1;
Residues,1;
PATENT,1;
Plasma-catalyzed,1;
TROLLEY,1;
propelling,1;
Share,1;
MID-MARKET,1;
SURVEY,1;
Length,1;
Isoparaffinic,1;
HUB,1;
鉄道資産を検査するための無人航空機システム,1;
Polyalkylenpolysulfid,1;
reformation,1;
thorium-plutonium,1;
depositing,1;
Aerovehicle,1;
Contra-rotating,1;
engineered,1;
volume,1;
In-flight,1;
loads,1;
SURVEILLANCE,1;
電気出力発生システム及び同方法,1;
CONSTRUCTION,1;
TRIEBWERK,1;
CATALYSTS,,1;
quantitative,1;
LIST***Fire,1;
naval,1;
Special,1;
analyzing,1;
GROOVE,1;
LONG,1;
mechanisms,1;
DEBRIS,1;
DETERGENT,1;
タービンエンジンの回転失速を解消する方法,1;
Rettungsschleudersitz,1;
Integriertes,1;
DEPOSIT,1;
二酸化炭素回収機能付き輸送手段および二酸化炭素の回収処理方法,1;
liquefaction,1;
nickel,1;
create,1;
Al—Fe—Si,1;
sensory,1;
THERMIONIC,1;
particles,1;
Horizontal,1;
coated,1;
tunnel,1;
NAPHTHA-RANGE,1;
VARIABLE,,1;
KERO(JET),1;
ISOTOPE,1;
Long-Chain,1;
‘SO-50’,1;
Hybrid-electric,1;
lubricants,1;
disorientation,1;
may,1;
link,1;
PRE-TREATEMENT,1;
Non-ferromagnetic,1;
Genes,1;
LUBRICATION,1;
バイオ燃料組成物およびバイオ燃料の製造方法,1;
冷却、加熱、パワー、圧力、ワーク及び水を組み合わせるための同極ＤＣ発電機付きテーパー形スパイラルガスタービン,1;
Verschlussmasse,1;
Rotationsschwenkkolbenmotor,1;
DRIVE-AND-ENERGY,1;
REFUELLING,1;
resonance,1;
Vacuum,1;
Buses,1;
Wastewater,1;
Hydrotreating,1;
PATH,1;
surfaces,,1;
inneren,1;
–,1;
Herstellung,1;
ELECTROLYZER,1;
MULTI-MODE,1;
hydrocracking,1;
ethanol,1;
DEFLECTOR,1;
vulcanizates,1;
BUSES,1;
PULVERISATION,1;
human-centered,1;
High-Efficiency,1;
AMPHIBIAN,1;
CRASHWORTHINESS,1;
contact,1;
sprayed,1;
Sensing,1;
thyristors,1;
Kopplung,1;
RAIL,1;
HERSTELLUNG,1;
CONDENSED,1;
DEWAXED,1;
Plastic,1;
neutral,1;
resource,1;
Decision-Support,1;
WITHIN,1;
friction,1;
LIMITED,1;
as-cast,1;
2,66:1,1;
Blast,1;
Copolymer,1;
heteropolyacid,1;
orchestrating,1;
requests,1;
Strake,1;
alkene,1;
ELECTRICATION,1;
ERGETIC,1;
EXIT,1;
PROPANE,1;
LOW-EMISSION,1;
Obtaining,1;
learning,1;
natural,1;
BESTIMMEN,1;
生きていない有機材料の帯電防止処理と導電性改善に適した添加剤組成物,1;
ヘリコプタ,1;
EMBODIMENTS,1;
SOLUBLE,1;
eternal,1;
multi-walled,1;
DEPOSITING,1;
re-positionable,1;
CONCENTRATES,1;
inflatable,1;
reverse,1;
Breathable,,1;
RETURN,1;
ANZEIGER,1;
INTERGRATED,1;
THORIUM-PLUTONIUM,1;
Strontium,1;
controllable,1;
repositionable,1;
equilibrium,1;
Paraffinic,1;
Cavitation,1;
attaching,1;
ALLOYS,1;
emerging,1;
Accelerate,1;
SIMPLIFIED,1;
dafür,1;
Flugantrieb,1;
purity,1;
SHAPED,1;
pilots,1;
Actuators,1;
gearboxes,1;
DEGRADED,1;
DURABLE,,1;
controllers,1;
rocket-propelled,1;
SUBSYSTEMS,1;
付加製造された熱交換器,1;
MARK,1;
(Treiber-Konzept),1;
AIRSPEED,1;
INCORPORATING,1;
Solvents,,1;
Ion-Exchange,1;
securing,1;
surface-foil,1;
TURF,1;
CRYSTALLINE,1;
vegetable,1;
Impact-absorbing,1;
radius,1;
SOURCING,1;
Wellhead,1;
ADDITIVES),1;
Supertorrefaction,1;
CASE,1;
HYDROCONVERSION,1;
BIOMETHANES,1;
copper,1;
military,1;
depolymerization,1;
FUNGAL,1;
negative,1;
Positron,1;
COST,1;
air,,1;
ELECTROLYTE,1;
vehicles,,1;
life,1;
initiating,1;
jets,1;
High-efficiency,1;
axes,1;
プロセス及び装置,1;
Brennstoffmengen-,1;
GREATER,1;
SAUERSTOFF,1;
fresh,1;
pour,1;
air-induced,1;
means,,1;
sponges,1;
Medium,1;
Ventilator,1;
UTILIZED,1;
HIGHER,1;
pressurised,1;
Motion,1;
dynamic,,1;
Injector-igniters,1;
plasma-catalyzed,1;
taxiing,1;
spout,1;
ACTING,1;
LIGHT-WEIGHT,,1;
dispensing,1;
foils,1;
ACTUATOR,1;
ATTITUDE,1;
ACTUATION,1;
fluessiges,1;
SOLVENTS,1;
ALGORITHM,1;
PUMP,1;
prespatane,1;
connecting,1;
MOLECULES,1;
download,1;
flaps,1;
DH-129.B036,1;
microprocessor,1;
target,1;
DEACTIVATION,1;
VORRICHTUNG,1;
DUAL-POWER-SUPPLY,1;
AIRPLANE,1;
酸素含有の再生可能な油をアップグレーディングするプロセス,1;
Kondensation,1;
VERY,1;
CO2-emitting,1;
ANLAGE,1;
VELOCITIES,1;
attenuation,1;
STORED,1;
Cracked,1;
Amine,1;
HySPIKE,1;
garbage,1;
Guayule,1;
Unoccupied,1;
watercraft,1;
Distribution,1;
weakening,1;
AUTOMOBILE,1;
Arbeitsmitteln,1;
Strahltriebwerkeu.,1;
DEREN,1;
Zero-Emission,1;
extending,1;
Rise,1;
SHIPS,,1;
booster,1;
CELLULOSIC,1;
PROGRAMMABLE,1;
Elektrische,1;
CARRIER,1;
ZERO,1;
Other,1;
Pad,1;
DYNAMICS,1;
PRODUCTION,,1;
chemically,1;
RELEVANT,1;
Superagile,1;
REMAINING,1;
Transpiration,1;
MEMBRANE-PYROLYSIS,1;
Air-borne,1;
cultivars,1;
overburden,1;
Safely,1;
midspan,1;
PROPYLENE,,1;
PROPULSOR,1;
WIRE,,1;
PRIMING,1;
end,1;
CYCLOPROPANE,1;
'SO-40',1;
Revenues,1;
Slotted,1;
same,,1;
RADIATION,1;
中央本体パイロットポッド,1;
ON-SPEC,1;
metathesis,1;
stratospheric,1;
calculating,1;
fractions,,1;
AL-FE-SI,1;
POD,1;
Obtained,1;
Selected,1;
bio-oil,1;
Alkylation,1;
CAPTURING,1;
Zusammensetzung,1;
AIRPLANES,1;
NOT,1;
EINEM,1;
isomerized,1;
CROP,1;
Taxi,1;
TEMPERATURES,1;
fungal,1;
trash,1;
Pretreatment,1;
Relative,1;
MODEL,1;
stiff,1;
autorotative,1;
counter-rotating,1;
COMPONENTS,,1;
Debris,1;
光開始剤を有する硫黄含有ポリマーを基礎とする母材及びシーラント、硬化及び被覆する方法並びにその使用,1;
HORIZONTALFLIEGENDEN,1;
HIGH-POWER,1;
RUNNING,1;
Packaged,1;
train,1;
engine.,1;
STOL,1;
CONCENTRATE.,1;
MACHINERY,,1;
ANNULAR,1;
Airplanes,1;
dangerous,1;
empennage,1;
(superfan),1;
SIMULATORS,1;
anions,1;
Performance-based,1;
yaw,1;
CONSUMERS,1;
long-chain,1;
Start-Up,1;
(Autonomous,1;
Relay,1;
Model,1;
Verdichtungskammer,1;
AEROPLANE,1;
ORTHO-PHOSPHATE-VANADATE,1;
FIELD,1;
CATAPULTING,,1;
INDUSTRY,,1;
Langstrecken,1;
cushions,1;
MULTIFUEL,1;
SPECIAL,1;
aerobic,1;
dried,1;
ultra-capacitor,1;
datum,1;
cost,1;
Hydrodynamic,1;
Triple-fuselage,1;
Through,1;
Regelvorrichtung,1;
THERMALLY-INTEGRATED,1;
REACTIONS,1;
encased,1;
CASING,1;
real,1;
STORING,1;
stealth,1;
relating,1;
aft,1;
PANELS,1;
LCVD-formed,1;
ketone,1;
INVERTED,1;
LOOPING,1;
バイオマス材料を処理する方法およびシステム,1;
UEberzugs-,1;
Electro-Mechanical,1;
rocket,,1;
Nuclear,1;
Optimized,1;
Second,1;
Silicon,1;
messaging,1;
Centrifugal,1;
Leading,1;
HYDRO,1;
REVENUES,1;
RETARDANTS,1;
DECORATIVE,1;
Recreational,1;
resulting,1;
FIRE,,1;
Micro,1;
Fail,1;
stimulator,1;
wings,1;
Near,1;
PORTION,1;
ferromagnetic,1;
front,1;
Mission,1;
(webbaidwindfarm),1;
cabins,1;
LOCAL,1;
KOHLENWASSERSTOFFVERBRENNUNG,1;
SCHADSTOFFEMISSIONEN.,1;
PREFERABLY,1;
Reduction,1;
avoiding,1;
“SO-70”,1;
pulverisation,1;
Commodity,1;
arm,1;
(THERMAL,1;
FUSION,1;
digestion,1;
nanofoams/aerogels,1;
炭素回収を利用する化学物質および燃料を製造するプラントのための、コンピュータで実行されるモニタリング方法およびシステム,1;
textiles,1;
installations,,1;
high-performance,1;
sulfur,1;
Friendly,1;
Ignition-source,1;
COVERS,1;
Hydraulic,1;
Tests,1;
phyllosilicates,1;
Collision,1;
approach,1;
合成由来の代替航空タービン燃料である、合成パラフィンケロシン（ＳＰＫ）の製造方法,1;
H2Oベース電気化学的水素-触媒パワーシステム,1;
Verbindungen,,1;
BIOFERTILIZER,1;
preferably,1;
WET,1;
its,1;
ASSEMBLIES,1;
self,1;
FROZEN,1;
“SO-100”,1;
TRANSITION,1;
HARSH,1;
Tow,1;
FULL,1;
Ringförmige,1;
Industrial,1;
GYROPLANE,1;
plans,1;
GREENBOX:,1;
Complex,1;
status,1;
conditions,1;
Parallel,1;
FIRE-SUPPRESSION,1;
of,,1;
QUELLE,1;
MOLYBDENUM-BASE,1;
Verbrennungssystems,1;
NATURALLY,1;
Therefrom,1;
reusable,1;
varieties,1;
Per,1;
spacing,1;
have,1;
RECUPERATED,1;
Optimisation,1;
E-FUELS,1;
oxygenated,1;
novel,1;
FARNESANE,1;
(HEV),,1;
high-octane,1;
FLY-BY-WIRE,1;
only,1;
Worldwide,1;
aircraft.,1;
ジェット・エンジンのクリーニング方法,1;
PERSONAL,1;
thermischen,1;
Auslegungskonzept,1;
Fuelling,1;
PRECURSORS,1;
media,1;
Ecosystem,1;
Intelligent,1;
THERMOELECTRIC,1;
condensation,1;
extractible,1;
SHIELD,1;
MITIGATING,1;
membrane,1;
JET-RANGE,1;
Anheben,1;
DUCTED,1;
(z.B.,1;
Selbsttaetig,1;
HEALTH,1;
landfil,1;
CARBON-DIOXIDE,1;
TRAC,1;
UN-TETHERED,1;
LUBRICANTS,1;
【発明の名称】化合物、組成物および用途,1;
LAND,,1;
PREMIXED,1;
sleeves,1;
CUSHIONS,1;
litter,,1;
reinforcement,1;
Avoidance,1;
Computer,1;
TRIGGERING,1;
MECHANISMS,1;
Inhibitors:,1;
RESISTANT,,1;
【発明の名称】一体パワーユニツト,1;
MINERALIZED,1;
Carbureted,1;
MANAGEMENT,,1;
Multiple-Engine,1;
STORAGES,1;
Bagasse,1;
Deoxygenate,1;
Titanium,1;
LIGHTWEIGHT,1;
escape,1;
sequenced,1;
clearance,1;
BALANCING,1;
SPECIAL-PURPOSE,1;
Joint,1;
pyrolysis/oxidation,1;
NEUTRON,1;
performing,1;
unfueled,1;
atmosphere,1;
forward,1;
Sorbent,1;
yttrium,,1;
in-line,1;
long,1;
Satellite,1;
CONDITION,1;
ガスタービン燃焼器,1;
METHODOLOGY,1;
Non,1;
OILSEED,1;
Watercraft,1;
CAPABLE,1;
PLANTS,1;
Aftercooler,1;
Overrunning,1;
fibre-reinforced,1;
VALVE,,1;
Puncture-resistant,1;
traditional,1;
fighting,1;
Time,1;
Senkrechtstartendes,1;
MISCHENS,1;
Care,1;
Formula,1;
fats,1;
FURTHER,1;
Robot,1;
while,1;
FIGHTING,1;
phenomena,1;
method.,1;
BIOSOURCED,1;
運航乗務員が就業不能状態の場合の航空機の自動制御,1;
CORRUGATED,1;
BENETZENDE,1;
Processor,1;
cowl,1;
vanes,1;
Leaves,1;
IDENTIFY,1;
scissors,1;
lab-on-chip,1;
UNDERWATER,1;
COUNTER-ROTATING,1;
bedding,1;
EMULSIFIER,1;
Open-Rotor,1;
vaporisation,1;
Triebwerk,1;
ammonia,1;
Wave,1;
Decomposition,1;
EXCHANGE,1;
POTENTIAL,1;
Heavy,1;
Solid-chemical,1;
Friction,1;
HEADSET,1;
fossil,1;
load-lifting,1;
actuated,1;
Controlled,1;
AGR044-3A22,1;
heaters,1;
WORK,1;
LEAD,1;
Antriebssystem,1;
BLENDS,1;
Sleeves,1;
distillates,1;
INHIBITION,1;
POST-COMBUSTION,1;
Induction,1;
REFORMER,,1;
national,1;
discrete,1;
Level,1;
lifter,1;
saleable,1;
measuring,1;
SPACING,1;
third,1;
CULTIVATION,1;
航空機用ガスタービン・エンジンのサージ検出装置,1;
polytropic,1;
MACHINES,1;
SECRET,1;
Single-Step,1;
Butenes,1;
regenerative,1;
vessel-towable,1;
Fully,1;
TIME,1;
Noise,1;
Hemicellulases,1;
MULTI-USE,1;
STABILIZE,1;
keel,1;
生物油ならびにその生産および使用,1;
Integration,1;
PUT,1;
BIOGENIC,1;
【発明の名称】二重環状燃焼器用燃料送給装置,1;
Centrifuge,1;
Aromatic,,1;
***WITHDRAWN,1;
fungi,1;
Over,1;
Waste-Biomass-Derived,1;
oxymethylene,1;
harvesting,1;
Segmented,1;
COMPOSITES,1;
toxicity,1;
(Beschleunigung),1;
SUPER-HYPERSONIC,1;
CELLS,,1;
moving,1;
function,1;
PRE-COMBUSTION,1;
graduated,1;
electrically,1;
HIGH-PROTEIN,1;
interstage,1;
lignocellulosic,1;
Molecule:,1;
Metal-composite,1;
SECURE,,1;
SOFTWARE,1;
MIXTROPHIC,1;
KITS,1;
MAXIMIZE,1;
CONCRETE,1;
mobility,1;
UP,1;
Oleaginous,1;
Hydro,1;
Solids,1;
Electrokinetic,1;
supplemental,1;
SENSITIVE,1;
agricultural,1;
AIR-JET,1;
ISOMERIZED,1;
HIGH-TEMPERATURE,1;
Branched,,1;
Environmentally,1;
(mainly,,1;
Increasing,1;
horizontal,1;
TRIFLUID,1;
Durchmesserverhältnis,1;
films,1;
REICHEN,1;
Matrix,1;
EXTRACTION,1;
DECOMPOSING,1;
Coffee,1;
cart,1;
enclosures,1;
CO-AXIAL,1;
DAFUER,1;
descent,1;
Associated,1;
hazard,1;
PHOSPHORUS,1;
congnitive,1;
ICE,1;
Fan,1;
LINEAR,1;
des,1;
PROFILE,1;
modification,1;
Decision-support,1;
Sequestration,1;
identification,1;
order,1;
PREDICT,1;
blast,1;
FEEDING,1;
Hydrous,1;
BIO-FUEL,1;
lattices,1;
REPAIR,1;
computing,1;
ALUMINO-THERMAL,1;
pylon,1;
Abgas-Reinigungsanlagen,1;
Herstellung,,1;
e.g.,1;
Oils,1;
無人航空車両のための電力システムの冷却,1;
DOUBLE,1;
GROUND-STATION,1;
Duesenmotor,1;
航空機原動機システム、運用および使用,1;
PILOTS,1;
OVENS,1;
solid,,1;
Lattice,1;
lorentz,1;
excellent,1;
recirculation,1;
thermoelectric,1;
edge,1;
spatial,1;
cap,1;
CATAPULT,1;
POLYETHYLENE,1;
HALF-SECTIONS,1;
SUCKING,1;
RESONANCE,1;
PRACTICES,1;
LIFT-ASSISTED,1;
butanol,1;
cluster,1;
Autorotation,1;
DEFINING,1;
CAPABILITIES,1;
output,1;
compound,1;
MARINE,1;
SHRINKABLE,1;
モノテルペンエステルの発酵生産のための酵素及び方法,1;
【発明の名称】一体パワーユニツト燃焼装置及び方法,1;
ohne,1;
electrolyzer,1;
Hydroprocessing,1;
ether,1;
forward-moving,1;
DH-140.356,1;
Type,1;
BLEED,1;
acoustics,1;
worldwide,1;
DOUBLE-ELECTROLYTE,1;
オキシメチレンエーテル含有媒体と接触して使用するためのコポリマー加硫物,1;
HORIZONTALFLIEGENDES,,1;
Leistungsregelung,1;
Fomula,1;
LATEST,1;
downstream,1;
fescue,1;
ignitable,1;
theory,1;
DH-156.090D,1;
BELLY-TANGENT,1;
spectrometry,1;
電気化学的水素-触媒パワ-・システム,1;
"""SO-90'',1";
SACCHARIDES,1;
Anordnung,1;
【発明の名称】工業的プロセスによって生じる排出ガスからNOxを低減する方法,1;
jet,,1;
Wastes,1;
wildfire,1;
particulate,1;
POWERPLANT,1;
requiring,1;
BATTERIES,1;
certification,1;
STABILIZED,1;
AEROSTAT,1;
POSITIVELY,1;
TRACKS,1;
Zelleneinheit,1;
post-transesterification,1;
integral,1;
Vortex,1;
PULSED,1;
pulsed,1;
ejection,1;
Modified,1;
compacted,1;
multifunction,1;
interchangeable,1;
multipurpose,,1;
Notstrom,1;
etc.,1;
Anlasser-Gasturbinen,1;
STAGED,1;
PLENUM,1;
And/Or,1;
source,,1;
Starter,1;
clutch,1;
work,1;
OLEFINS,,1;
WAFER,1;
Alternative,1;
STEUERN,1;
RETAIL,1;
Effizienz,1;
CHIP,1;
Metallzusätzen),1;
Wirkungsgrad,1;
REGENERABLE,1;
up,1;
TRAFFIC,1;
SHALES,1;
BIMODAL,1;
pre-ignition,1;
mission,1;
OPTIMAL,1;
Acoustically,1;
whirl,1;
ketoacid,1;
FACILE,1;
CO-PROCESSING,1;
photoinitiators,,1;
JOINT,1;
FLUIDIZED,1;
exchange,1;
Flying,1;
linear,1;
resistive,1;
TUBE,1;
breakdown,1;
ANTRIEBSSYSTEM,1;
MOTION,1;
liq.,1;
PAYLOAD,1;
CONNECTING,1;
BIOCHEMICAL,1;
coupling,1;
RIBLETS,1;
ACCESSORIES,,1;
Reactive,1;
holes,1;
MULTIFUNCTIONAL,1;
Fluggeraet,1;
INFINITELY,1;
FORCE,,1;
Brennkammer,1;
集積化された動力発生におけるＮＯｘの軽減,1;
High-temperature,1;
ATTENUATION,1;
covers,1;
engaging,1;
Occurring,1;
achieving,1;
altitudes,1;
INFERIOR,1;
backup,1;
Lasers,1;
zone,,1;
CNS,1;
explosion-proof,1;
FREQUENCY,1;
Bild,1;
ENVIRONMENTALLLY-FRIENDLY,1;
SENKRECHTSTARTENDES,1;
エアタービンスタータ、およびその始動方法,1;
fuel-cooled,1;
biological,,1;
ULTRA-HIGH,1;
pet,1;
cargo,1;
CONDUCTORS,1;
VENTILSITZRÜCKSCHLAGVERHINDERUNG,1;
RENEWABLES,1;
Rocket,,1;
REHEAT,1;
property,1;
Self-optimizing,1;
STEALTH,1;
voice,1;
Inhibiting,1;
SALTS,1;
Amphibian,1;
ZWEIER,1;
Fliegender,1;
schedule,1;
VENTILATION,1;
AFT,1;
Aromatic,1;
Negative,1;
VEHICLE,,1;
transponder,1;
estimation,1;
mechanically,1;
Cellulases,1;
【発明の名称】ウエット圧縮を介してガスタービンで動力増大を達成する方法および装置,1;
ALTERNATELY,1;
Der,1;
Mehrfachfunktion.,1;
MADE,1;
PLANET,1;
fuel-range,1;
halogenated,1;
Technology,1;
waste-biomass-derived,1;
Polyethylene,1;
OPPOSED,1;
piping,1;
“SO-110”,1;
Preconditioning,1;
glucosinolate,1;
Based,1;
command,1;
Compounds,1;
MANUALLY,1;
Einzelbenutzung,1;
Fossil,1;
HYDROMECANICAL,1;
vehicle,,1;
KEROSINES,1;
hydrocarbon-based,1;
ENCLOSURE,1;
subterranean,1;
Vaporization,1;
Detachable,1;
seed,1;
Nonwoven,1;
LANDINGS,1;
locked,1;
GRAPHITE/CARBON,1;
AMMONIA,1;
shipboard,1;
operability,1;
methanol,1;
directions,1;
Kerogen,1;
Braking,1;
Athletic,1;
silica,1;
wing-drive,1;
Hot,1;
MEDIUM,1;
simple-,,1;
GUN,1;
軟質ポリウレタンフォーム用の反応性難燃剤混合物,1;
自国主食備蓄目的飛行機,1;
IT,,1;
DAS,1;
liquefying,1;
multi-copter,1;
PISTON,1;
COFFEE,1;
deploying,1;
hybrid-rockets,1;
FLUGZEUGNOTSTROMAGGREGAT.,1;
suppressor,1;
monoterpenes,1;
Hydride,1;
Fuel-Saving,1;
neutralization,1;
Structural,1;
Oxygen-Free,1;
formate,1;
position,1;
Higher,1;
accessories,,1;
Tilting,1;
Transportieren,1;
projizierten,1;
DO,1;
LIPID-ASSISTED,1;
PRE-VAPORISING,1;
amplification,1;
hydration,1;
RECIRCULATION,1;
organics,1;
heat-exchanger,1;
real-time,1;
MATERIALS,,1;
BIOFUELS,,1;
in-flight,1;
AIR-TO-AIR,1;
'SO-50',1;
densification,1;
Network,1;
Optimize,1;
PRIORITIZATION,1;
ORDER,1;
ハイドロプロセシングのための化学組成を有する天然油の輸送燃料への誘導および変換,1;
ATMOSPHERE,1;
ENTWICKELNDE,1;
MULTI-TUBE,1;
architecture,1;
PREHEAT,1;
Hub-mounted,1;
forced,1;
OUTER,1;
Heteropolyacid,1;
small,1;
compressed,1;
Multi-functional,1;
inorganic,1;
breathing,1;
vier,1;
広域火災を抑制するための耐火性空中機,1;
SEALANTS,1;
erzeugenden,1;
Arbeitsmittel,1;
Refrigerated,1;
Launch,1;
Low-cost,1;
(TREIBER-CONCEPT),1;
feeds,1;
aircrane,1;
エネルギー変換および生成のための方法およびシステム,1;
PROPYLENE,1;
Space-craft,1;
BIOFEEDSTOCK,1;
触媒接触脱酸素及び縮合酸素化炭化水素を主成分とする液体燃料組成物,1;
REFORMING,1;
CUP,1;
PARTICULARLY,1;
“SO-120”,1;
nano-aerodrive,1;
halophytic,1;
simulation,1;
limiting,1;
Preparing,1;
involves,1;
KERZENZUBEREITUNG,1;
waxes,1;
Multi-mode,1;
suspension,1;
fuel-based,1;
streams,1;
self-adapting,1;
Protect,1;
SUBTERRANEAN,1;
Target,1;
DES,1;
ROTOR,,1;
LEAK,1;
VAPOR,1;
incorporated,1;
Supplying,1;
refueling,1;
gap,1;
Valveless,1;
clean-up,1;
secondary,1;
explosive,1;
authentication,1;
Start,1;
ATTACHING,1;
search,1;
TRACTIVE-POWER,1;
DIFFUSION,1;
pack,1;
Stoffgemisches,1;
flying,,1;
Speicherung,1;
NAPTHENIC,1;
CARBONATE,1;
harmonic,1;
membrane-pyrolysis,1;
remaining,1;
HEAD,1;
BAG,1;
adapted,1;
COLLABORATIVE,1;
VARYING,1;
KRAFTSTOFFMERKMALE,1;
廃棄物および／またはバイオマスから有用な製品を製造する方法,1;
axis,,1;
PRE-IGNITION,1;
Utilization,1;
【発明の名称】吸気バルブ堆積物を極小化するための添加物、及びそれらの使用,1;
DEOXIDATION,1;
Sustained-G,1;
Fuels,,1;
Duty,1;
rechargeable,1;
foamable,1;
solution,1;
recharging,1;
fischer-tropsch,1;
storing,1;
belly-tangent,1;
INTERCONTINENTAL,1;
lower,1;
shaft,1;
chemical,,1;
CLOSED,1;
spar,1;
black,1;
Mobius-like,1;
Flugzeug,,1;
DOME-TO-LINE,1;
Liner,1;
BRENNSTOFFZUSATZ,1;
coolants,1;
MIXING,1;
VISCOSITY,1;
LIQUIFACTION,1;
concentrates,1;
low-octane,1;
mitigating,1;
Creating,1;
Brayon,1;
SEPARATION,1;
HYPOXIA,1;
IDENTIFICATION,1;
PHOTON,1;
INCENDIARY,1;
discharge.,1;
Verkehrsflugzeug,1;
MAINLY,1;
HYGROSCOPIC,1;
Full-segregated,1;
alkanes,1;
Extending,1;
Performing,1;
Vehicles);0,1
coffee,1;
capture,,1;
DH-069.485,1;
optimize,1;
assist,1;
pyrolyzed,1;
(E.G.,1;
Nanofoams/Aerogels,1;
non-photosynthetic,1;
HARNESS,1;
ELECTRODES,1;
RICH-QUENCHING-LEAN,1;
Externally,1;
RESISTIVE,1;
supplying,1;
matter,1;
GROW,1;
Alkane,1;
microfiber,1;
STRAINS,1;
Coolant,1;
BONDED,1;
Learning,1;
C1,1;
Restartable,,1;
EPOXY,1;
SAVING,1;
Size,1;
Driving,1;
Dual-stage,1;
heavy,1;
THEREOF,,1;
(FCEV),,1;
Emerging,1;
Purification,1;
NANO-AERODRIVE,1;
sensitive,1;
TRACEABILITY,1;
MODELLING,1;
CATAPULTING,1;
Fluggeschwindigkeit,1;
SUPPLYING,1;
OILY,1;
slurry,1;
electricity,1;
SIZE,1;
spinning,1;
bed,1;
Into,1;
Neutron,1;
Landings,1;
concept,1;
hydrides,1;
MEDICAL,1;
non-exothermic,1;
Space,1;
Self-sealing,1;
reed,1;
bag,1;
discharge,1;
(V-FDR)/cockpit-cabin,1;
butanediol,1;
LAYOUT,1;
PLASTIC,1;
Steuerungs-,1;
Auftrieb,1;
Angepasste,1;
lead,1;
FAT,1;
SYNTHESIZED,1;
convert,1;
mach,1;
BREATHABLE,,1;
MEMBER,1;
Leistungssteuer-Einrichtung,1;
Konditionierung,1;
PERMITTING,1;
VENTING,1;
compensation,1;
mounted,1;
SILANES,1;
mobilization,1;
pod,1;
Raw,1;
ALL-WHEEL,1;
connection,1;
NACELLES,1;
strength,1;
axial,1;
DURABLE,1;
Ground,1;
HYDROLYSIS,1;
FLugplattform,1;
LIMITATION,1;
MANAGER,1;
crash,1;
One-piece,1;
step,1;
Trucks,1;
Unfueled,1;
CARBIDE,,1;
Assets,1;
In-Flight,1;
SCHEMES,1;
furfural,1;
TRAINING,1;
Steigerung,1;
PHOTOBIOREACTOR,1;
generant,1;
soils,1;
AQUATIC-LIKE,1;
BIODEGRADABLE,1;
AGR044-M01,1;
biocoal,1;
Condition,1;
LAUNDRY,1;
一体型陸上−航空輸送システム,1;
PLANTS,,1;
contamination,1;
CHEMISTRIES,,1;
hybrid,,1;
momentum,1;
transportation,,1;
Speed,1;
WHEELED,1;
Molecular,1;
SCALABLE,1;
transmitting,1;
ADAPTER,,1;
Ｈ２Ｏベース電気化学的水素−触媒パワーシステム,1;
REINFORCEMENT,1;
ORTHO-VANADATE,1;
機能的流体のための添加物ゲルの制御放出,1;
engineering,1;
example,,1;
Alloys,1;
board,1;
Heater,1;
swashplate,1;
FORMS,1;
walls,1;
LITHIUM-SULFUR,1;
dessen,1;
FLUGZEUGS,1;
REPRODUCIBLE,1;
バイオマスの加工方法,1;
oils,,1;
Networked,1;
TOUGHNESS,1;
awareness,1;
Lognocellulosic,1;
Protective,1;
recessed,1;
エンジニア再認証アシスタント,1;
CONDUCT,1;
tip,1;
MIT,1;
increase,1;
SCHEDULE,1;
,,1;
functionalized,1;
Respiratory,1;
TOW,1;
Co-processing,1;
telecommunications,1;
stationary,1;
VIDEO,1;
Verminderung,1;
Transport,1;
Efficient,1;
web,1;
COMPACTED,1;
residuum,1;
flier—a,1;
aerodynamic,1;
short,1;
COMMAND,1;
Firefighting,1;
REQUIRING,1;
FILMBILDENDE,1;
RECORDER,1;
TRANSPORTING,1;
THERMOCHEMICAL,1;
CUTS,1;
Spark,1;
safe,,1;
Operability,1;
PREDICTION,1;
COMMUNICATING,1;
FLAME-ARRESTOR,1;
Anemometer,1;
YAW,1;
offshore,1;
firefighting,1;
sulfur-containing,1;
RADIATIVELY,1;
verbesserten,1;
BIODEGRADATION,1;
driftdown,1;
generator,,1;
super-efficient,1;
capabiltiy,1;
BASES;0,1
FATIGUE,1;
BE,1;
CONVERTIBLE,1;
drei,,1;
APPLYING,1;
制御された核融合のプロセス,1;
Annular,1;
POST-TRANSESTERIFICATION,1;
Downstream,1;
DISCRETE,1;
Torsional,1;
glycerides,1;
T-SCAVENGED,1;
ALARM,1;
identify,1;
projectile,1;
SHAPE,1;
manifolding,1;
ones,1;
cost-estimating,1;
instrument,1;
aldehydes,1;
vaporized,1;
resistant,,1;
alloys.,1;
RIDE,,1;
RESTRAINING,1;
FUNCTION,1;
TRANSFORMING,1;
バイオマスからの燃料および生物肥料の製造,1;
PLASMA-CATALYZED,,1;
destruction,1;
Resin,1;
industry.,1;
TRAINS,,1;
“SO-80”,1;
Nano-graphitic,1;
(SOLID-STATE,1;
DISTANCE,1;
non-ferromagnetic,1;
transformation,1;
Ozone,1;
AIRLINE,1;
drones,1;
decomposition,1;
continuous,1;
Transmissions,1;
Applications,1;
airbags,1;
FRACTURE,1;
bipolar,1;
Related,1;
INGESTION,1;
smart,1;
constituent,1;
transporting,1;
HUBSCHRAUBERS,1;
expansion,1;
controller,,1;
TANKER,1;
carbohydrates,1;
cross,1;
Fabrics,1;
dual-engine,1;
Superconducting,1;
Preparation,1;
BRAKING,1;
most,1;
indirect,1;
Kerosene,1;
CONFIGURATION,1;
STROEMUNGSMITTEL,1;
hypergolic,1;
STROM,1;
HORIZONTALSTARTENDEN,1;
derived/carbon,1;
CONTAMINATION,1;
biodegradation,1;
forced-draft,1;
fibers,,1;
catalyst,,1;
Trucks,,1;
microchannel,1;
ASSURANCE,1;
DRIVEN,1;
portions,1;
DEVELOPING,1;
ROW,1;
DECREASING,1;
Notsauerstoffsystemen,1;
LENGTH,1;
COAXIAL,1;
ERNEUERBARER,1;
CRUISING,1;
auxilliary,1;
Trapped,1;
PERICRITICAL,1;
AGR044-312E,1;
Planetary,1;
weather,1;
Scaffold,1;
prioritization,1;
LAUNCHER,1;
RESULTING,1;
MATCHING,1;
tilt,1;
USPTO,1;
base,1;
tunable,1;
Risk,1;
containment,1;
airstream,1;
Hydro-Electric,1;
Such,1;
CO-CULTURING,1;
BURNING-RESISTANT,1;
interlocked,1;
GRADIATOR,1;
FEATHER-REVERSIBLE,1;
RESTRAIN,1;
rock,1;
HALOGENATED,1;
GAMMA,1;
polyols,1;
Upgrading,1;
GPS,1;
Retail,1;
evaluating,1;
embodiment,1;
being,1;
layer(s),1;
LEISTUNGSPARAMETER,1;
再生可能な化学物質を調製するための統合的方法,1;
RETESTING,1;
UPGRADES,1;
対象物を輸送する方法、輸送システム、及び輸送手段,1;
EINER,1;
EJECTION,1;
Methodology,1;
Full,1;
inject,1;
Rotorcraft,,1;
Oligomerization,1;
RECOVERABLE,1;
Microturbomachinery,1;
Surfaces,1;
‘SO-60’,1;
cycle,,1;
Search,1;
distillation,1;
LIPID-DERIVED,1;
KELP-BASED,1;
monergolic,1;
風力エネルギータービンシェルステーション,1;
TURBOJET,1;
PROPELLING,1;
inert,1;
PREROTATION,1;
CYCLE,,1;
idle,1;
Error,1;
BLOWOUT,1;
alkylmethylsiloxanes.,1;
Fluoropolymer,1;
Computer-implemented,1;
add-on,1;
SUSTAINER,1;
kerosene,1;
Aviating,1;
stack,1;
GRASSES,1;
PRESPATANE,1;
Torsionally,1;
NEAR,1;
ground-based,1;
in-situ,1;
WING-IN-GROUND-EFFECT,1;
Verbindungen,1;
ORBIT,1;
Manufacturing,1;
CONSTANT,1;
Sliding,1;
advanced,1;
NOX,,1;
Evacuated,1;
borane,1;
IMPLEMENTED,1;
STEP,1;
TRIGLYCERIDES,1;
Reaktions-,1;
TREE,1;
環境保全と経済性を両立させる低エントロピー・エンジン,1;
MINIMIZING,1;
CORN,1;
UNPREDICTABLE,1;
WITHDRAWN,1;
wash,1;
concrete,1;
adapter,1;
tiltable,1;
evolution,1;
INGOT,1;
Triebwerke,1;
dimerization,1;
hydrocarbon,,1;
MOIETY,1;
applying,1;
ROASTERS,1;
emulsifier,1;
Operator-safe,1;
anaerobic,1;
Chain,1;
wear,1;
TOP,1;
Mehrzweckflügelkörper,1;
kosmische,1;
layout,1;
INTEGRIERTES,1;
Kohlenwasserstoff,1;
point,1;
BIOKEROSENE,1;
(UFV),1;
terrain,1;
Unified,1;
cyclopentadiene,1;
FLOATING,1;
tandem-,1;
Temperatur,1;
LARGE,1;
PROZESS,1;
peridotite-type,1;
CRYO-COMPRESSED,1;
Synthesis,1;
printed,1;
Transformable,1;
reformer/CPN,1;
NITRIDE,,1;
HUMAN,1;
origin,1;
ADDITIVELY,1;
ENDURANCE,1;
【発明の名称】ターボクラフト,1;
Reactors,1;
TUNING,1;
Pneumatic,1;
Variable-geometry,1;
Securing,1;
vaporization,1;
filler,1;
reactor,,1;
Mast,1;
Indicators,1;
Container,1;
valves,1;
OIL-FREE,1;
OPERATOR-SAFE,1;
designing,1;
NEUTRALIZING,1;
Multibody,1;
durations,1;
porous,1;
ANTIWEAR,1;
Gasturbinen,1;
FRAME,1;
Multi-Axis,1;
RICH,1;
substituted,1;
Stratospheric,1;
SWASHPLATE,1;
INFERENCE,1;
An,1;
signal,1;
mechanical,1;
MEMBRANE,1;
oxidizer,1;
PASSAGE,1;
AEROFOILS,1;
Ammonia,1;
MULTI-FUEL,,1;
Proliferating,1;
fence,1;
DESIGNED,1;
Erosion,1;
conducting,1;
restartable,,1;
RELATIVE,1;
GRADIENTS;0,1
FORMATE,1;
pressurized,1;
boiling,1;
ramjet,1;
Substituted,1;
replace,1;
hydrolysis/hydroprocessing,1;
hydropyrolysis,1;
inflation,1;
field-deployable,1;
REACTORS,1;
AIRCRAFT.,1;
COMMODITY,1;
Austrittsgeschwindigkeit,1;
Steuervorrichtung,1;
空中、水中、及び地形環境において安全な操作のために改良された安定性を備える汎用乗り物,1;
SOWIE,1;
Attenuation,1;
Sources,1;
Carbonaceous,1;
Ceramic-encased,1;
plug,1;
SELF-SEALING,1;
Engaging,1;
Hydrodeoxigenation,1;
thermionic,1;
sensing,1;
WATERPROOF,1;
row,1;
HYDRODEOXYGENATION,1;
３ホイールターボマシンを用いた環境制御システムの改善された予冷方法および航空機,1;
WAESSRIGE,1;
volatile,1;
EJECTABLE,1;
effectuating,1;
ultra-high,1;
pre-treatement,1;
authority,1;
PROTEINS,1;
families,1;
successive,1;
oxyhydrogen,1;
condition,1;
BUTANEDIOL,1;
ナノグラファイトスポンジおよびその製造方法,1;
INDICATOR.,1;
SOLIDS,1;
derived/aqueous,1;
BRASSICA,1;
rich-quench-lean,1;
APPROXIMATELY,1;
VEHICLE-BASED,1;
adviser,1;
distance,1;
非生物有機材料の帯電防止処理と導電性改善に適した添加剤組成物,1;
GEWICHT,1;
SCHWERPUNKT,1;
alkylmethylsiloxanes,1;
Gewinnung,,1;
SUPPLY-DEMAND,1;
ingredients,1;
bacteria,1;
LOADED,1;
Natural,1;
FIRES,1;
contaminated,1;
MODELING,1;
joining,1;
pulses,1;
Spacer,1;
SINGLE-PROPELLER,1;
FLUGZEUGEN,1;
drilling,1;
Derived,1;
Explosion-resistant,1;
liquified,1;
wing-in-ground,1;
size,1;
calculations,1;
SANDS,1;
cleanliness,1;
afterbody,1;
laminates,1;
Corrosion,1;
Tool,1;
ortho-vanadate,1;
TRANSMITTANCE,1;
MISSILE,1;
glycerol,1;
collector,1;
One-Step,1;
quality,1;
Compounded,1;
battery-based,1;
【発明の名称】操縦制御用ディスプレイ,1;
Überlagern,1;
イオン交換樹脂触媒による混合ブテンの二量化／オリゴマー化のためのプロセス,1;
VANE,,1;
AGRICULTURAL,1;
DYNAMIC,,1;
CALORIFIC,1;
BOARD,1;
Spark-based,1;
sections,1;
include;0,1
MOLECULE:,1;
assessment,1;
Authentication,1;
SHARE,1;
Comprising,1;
Concepts,1;
thalassic,1;
INITIATING,1;
risk,1;
Solid-state,1;
regulating,1;
aufweist,1;
arc-firing,1;
Schmiermittels,1;
Treibstoffverbrauchs,1;
cool,1;
REFORMATION,1;
Autopilot,1;
eco-friendly,1;
toluene,1;
parachute-glider,1;
coolant,1;
loads,,1;
BRENNSTOFFZUSAMMENSETZUNG,1;
監視システム,1;
REFUSE,1;
SUBSEQUENT,1;
footprint,1;
VALUE,1;
chlorinated,1;
WHOLE,1;
ENABLING,1;
durable,,1;
LIFE-CYCLE,1;
UNIT,,1;
VALINE,1;
damper,1;
ARCHITECTURE,1;
compressor,,1;
machines,1;
inhibitors:,1;
Multiple,1;
capturing,1;
for,,1;
sole,1;
Adapter,,1;
OMNIBUS,1;
液体燃料式パルスデトネーションエンジンの低温始動のためのプレナム空気予熱,1;
H2,1;
centrifuge,1;
CARBOCYCLIC,1;
PRE-MIX,1;
Co-Dimerization,1;
INFLUENCING,1;
(CPR)/video-flight,1;
Hyperschall-Flugzeugträger,1;
PRETREATMENT,1;
Flugmotoren,1;
UMFORMEN,1;
Brennstoffspeise-,1;
OXYGENATED,1;
Recovered,1;
candle,1;
Reducing,1;
augmented,1;
